area,buildingName,buildingNum,buildingYear,category,checkDay,checkNum,checkType,createDate,createUserId,createUserName,csfs,dhyh,dtwx,dtwxyzpsyzqx,dzsbps,equipmentTypeName,ewa,fileList,files,floor,ids,inDate,isProblemSituation,isType,lastMileage,lat,lineName,lng,lyState,modifyDate,modifyUserId,modifyUserName,num,pieces,qrCode,qtps,remark,rlId,septicTankNum,siteInstallation,snsbps,state,stationId,stationName,structureType,tebId,technologyState,type,useDepart,useType,workareaDepartId,workareaDepartName,workshopDepartId,workshopDepartName,xfsbps,ybfsbxdhyh,yzfs,yzjsdmjkwbp,yzly,yzlyybqx
242.8,信号楼硬化面,公-2,,,,,,1.759117443683e+12,770,宋红根,,,,,,,,,,,,2025-09-29,,,,,京港高速线,,,,,,27224,,https://ncjnas.coolmitech.com:50443/123/ed8365e53ab7240aaa9f59927991e6ea?objectKey=nas/ncfjd/tlsbgl/2025/10/17/1760702743399_61282488.png&expireTime=1762412935349&signature=63fLWtiWualw1N2x0lbiEhDbxxW1tjqMzsTFCmg5Npo,,,70,,,,1,112,兴国西站,混凝土,37222,一级,1,赣州工务段,道路、广场、地面硬化,154,赣州西高铁综合工区,138,赣州西高铁房建车间,,,,,,
88,公安派出所硬化面,公-7,,,,,,1.759117756823e+12,770,宋红根,,,,,,,,,,,,2025-09-29,,,,,京港高速线,,,1.760944115448e+12,770,宋红根,27229,,https://ncjnas.coolmitech.com:50443/123/8e5989aa1df37e8c3a7d4934f8d7426f?objectKey=nas/ncfjd/tlsbgl/2025/10/20/1760972895506_78255909.png&expireTime=1762412935351&signature=Mwf6P9FQpX4D0PaXcNoeHXtZRzTquhkIDfcslZq47t9,,,70,,,,1,112,兴国西站,混凝土,37225,一级,1,赣州车务段,道路、广场、地面硬化,154,赣州西高铁综合工区,138,赣州西高铁房建车间,,,,,,
19.2,公安派出所停车雨棚,公-8,,,,,,1.759117886952e+12,770,宋红根,,,,,,,,,,,,2025-09-29,,,,,京港高速线,,,1.760944673353e+12,770,宋红根,27230,,https://ncjnas.coolmitech.com:50443/123/660ac591e54576eded72f018523a15d7?objectKey=nas/ncfjd/tlsbgl/2025/10/20/1760973376431_24904366.png&expireTime=1762412935352&signature=wRK2R4hGyVYTCiM9q9WUupU8zIIDJoJPcm5pAohXmcJ,,,70,,,,1,112,兴国西站,钢,37226,一级,1,赣州公安处,道路、广场、地面硬化,154,赣州西高铁综合工区,138,赣州西高铁房建车间,,,,,,
89,车站单身宿舍围墙,公-12,,,,,,1.759118180599e+12,770,宋红根,,,,,,,,,,,,2025-09-29,,,,,京港高速线,,,1.760945149834e+12,770,宋红根,27233,,https://ncjnas.coolmitech.com:50443/123/503ab0b80c57762cc550f363f0f6bc62?objectKey=nas/ncfjd/tlsbgl/2025/10/20/1760973941140_96501529.png&expireTime=1762412935354&signature=hlj3Dk0DAfwvJl6btC9Yx7apubppKG6XFVTtRX6BqOj,,,70,,,,1,112,兴国西站,砖,37229,二级,1,赣州车务段,围墙、栅栏（含玻璃栏板、站台端头栏杆）,154,赣州西高铁综合工区,138,赣州西高铁房建车间,,,,,,
90.5,车站单身宿舍楼硬化面,公-13,,,,,,1.759118273824e+12,770,宋红根,,,,,,,,,,,,2025-09-29,,,,,京港高速线,,,1.760945270091e+12,770,宋红根,27234,,https://ncjnas.coolmitech.com:50443/123/1ac9703a816438770003810719683b95?objectKey=nas/ncfjd/tlsbgl/2025/10/20/1760974068166_74622650.png&expireTime=1762412935355&signature=ZRxxxiGlg0GCKG9tNTUQ7StwH44SX3OqkJxqQejBegL,,,70,,,,1,112,兴国西站,混凝土,37230,一级,1,赣州车务段,道路、广场、地面硬化,154,赣州西高铁综合工区,138,赣州西高铁房建车间,,,,,,
87,车站单身宿舍篮球场,公-14,,,,,,1.759118374632e+12,770,宋红根,,,,,,,,,,,,2025-09-29,,,,,京港高速线,,,1.76094556103e+12,770,宋红根,27235,,https://ncjnas.coolmitech.com:50443/123/e02251ca037acb939ffeb8ae2af5503e?objectKey=nas/ncfjd/tlsbgl/2025/10/20/1760974348843_02491299.png&expireTime=1762412935357&signature=KnMy52mJGeQXj4u8M3KXMA5SCYT8xckhJ8VY2wJyzcz,,,70,,,,1,112,兴国西站,混凝土,37231,一级,1,赣州车务段,室外篮球场,154,赣州西高铁综合工区,138,赣州西高铁房建车间,,,,,,
362,综合车间道路排水管,49,,,,,,1.760943264548e+12,770,宋红根,,,,,,,,,,,,2025-10-20,,,,,沪昆客专,,,1.76152905898e+12,770,宋红根,22071,,https://ncjnas.coolmitech.com:50443/123/9433c7822524f58aa82125d08ba63986?objectKey=nas/ncfjd/tlsbgl/2025/10/21/1761053890359_92516785.png&expireTime=1762412935359&signature=9KIe9PiGSm3ZQdRUZpcy25SdGJOG5OeLr5XrQslwtw9,,,76,,,,1,226,新余北,混合结构,46940,二级,2,南昌房建生活段,排水沟（管）,151,新余北高铁综合工区,143,南昌西高铁房建车间,,,,,,
2040,维修工区护坡,公-43,,,,,,1.759120541715e+12,770,宋红根,,,,,,,,,,,,2025-09-29,,,,,京港高速线,,,1.760947755555e+12,770,宋红根,27262,,https://ncjnas.coolmitech.com:50443/123/fe703f0e30a228e8da69edbdcebcfd0f?objectKey=nas/ncfjd/tlsbgl/2025/10/20/1760976554336_08907349.png&expireTime=1762412935360&signature=pGe2b2CpWP8LkKMv0ldsV8QxHGiRNuMaCeFhQqiFTZg,,,70,,,,1,112,兴国西站,混凝土,37249,一级,1,赣州工务段,挡墙护坡,154,赣州西高铁综合工区,138,赣州西高铁房建车间,,,,,,
7.8,车站单身宿舍摩托车棚,公-17,,,,,,1.759118701924e+12,770,宋红根,,,,,,,,,,,,2025-09-29,,,,,京港高速线,,,1.760956923658e+12,770,宋红根,27238,,https://ncjnas.coolmitech.com:50443/123/bcddf69b8387fcb1f570afde41bba434?objectKey=nas/ncfjd/tlsbgl/2025/10/20/1760985722378_61209494.png&expireTime=1762412935362&signature=9y79boSoLKhKU9mFGxp2fdqkLrGdaU6o90RcytzO9gh,,,70,,,,1,112,兴国西站,混凝土,37234,一级,1,赣州车务段,道路、广场、地面硬化,154,赣州西高铁综合工区,138,赣州西高铁房建车间,,,,,,
75,DK329+850下兰坑AT所围墙,29-1,,,,,,1.759122381834e+12,770,宋红根,,,,,,,,,,,,2025-09-29,,,,,京港高速线,,,1.760958245521e+12,770,宋红根,26597,,https://ncjnas.coolmitech.com:50443/123/33658a40f7024f47f5315bd50fce36ac?objectKey=nas/ncfjd/tlsbgl/2025/10/20/1760987038525_57375812.png&expireTime=1762412935364&signature=s0sKqnYfEZQ1OIkVInlHh2uMSopMk4MQvLSuow88G25,,,70,,,,1,112,兴国西站,砖,37271,一级,1,赣州工务段,围墙、栅栏（含玻璃栏板、站台端头栏杆）,154,赣州西高铁综合工区,138,赣州西高铁房建车间,,,,,,
180,综合车间7米宽道路排水沟,48,,,,,,1.760943218288e+12,770,宋红根,,,,,,,,,,,,2025-10-20,,,,,沪昆客专,,,1.761529075533e+12,770,宋红根,22070,,https://ncjnas.coolmitech.com:50443/123/bbd2fa512781a57e9ef7c9d43bd25625?objectKey=nas/ncfjd/tlsbgl/2025/10/21/1761053962924_87943829.png&expireTime=1762412935366&signature=7jMurz4coFTfscyOVhzfQdFZBvYttuKYCuyuhyxm0uE,,,76,,,,1,226,新余北,砼,46939,二级,2,南昌房建生活段,排水沟（管）,151,新余北高铁综合工区,143,南昌西高铁房建车间,,,,,,
52,消防通道围墙,站-14,,,,,,1.759115691189e+12,770,宋红根,,,,,,,,,,,,2025-09-29,,,,,京港高速线,,,1.760673104292e+12,770,宋红根,27272,,https://ncjnas.coolmitech.com:50443/123/e218944fd5604e94d3ae9037fcbd48bc?objectKey=nas/ncfjd/tlsbgl/2025/10/17/1760701902455_88555536.png&expireTime=1762412935367&signature=uZFfffjXJFTGO7AV7fpJDItu8ymp6R97p76NpXEB8gN,,,70,,,,1,112,兴国西站,砖,37208,一级,1,赣州车务段,围墙、栅栏（含玻璃栏板、站台端头栏杆）,154,赣州西高铁综合工区,138,赣州西高铁房建车间,,,,,,
450,1-2站台围墙,站-22,,,,,,1.759116764542e+12,770,宋红根,,,,,,,,,,,,2025-09-29,,,,,京港高速线,,,1.760673210914e+12,770,宋红根,27279,,https://ncjnas.coolmitech.com:50443/123/c9e1ca11a1bea0317406e5785b76d43e?objectKey=nas/ncfjd/tlsbgl/2025/10/17/1760702008702_07646606.png&expireTime=1762412935368&signature=mvuxSLsSSs3rDP7p02xXq2osu1lDSWygjxVSidqrpch,,,70,,,,1,112,兴国西站,砖,37216,一级,1,赣州车务段,围墙、栅栏（含玻璃栏板、站台端头栏杆）,154,赣州西高铁综合工区,138,赣州西高铁房建车间,,,,,,
1750,二站台护坡,站-16,,,,,,1.759116049613e+12,770,宋红根,,,,,,,,,,,,2025-09-29,,,,,京港高速线,,,1.760673523552e+12,770,宋红根,27274,,https://ncjnas.coolmitech.com:50443/123/10b7d06f8add8167b502ba1136c60d05?objectKey=nas/ncfjd/tlsbgl/2025/10/17/1760702322139_70302206.png&expireTime=1762412935370&signature=9Y76gru3V5y05D9Bk63dImf2vXFM2LOOXQ44shfOiM0,,,70,,,,1,112,兴国西站,混凝土,37210,一级,1,赣州车务段,挡墙护坡,154,赣州西高铁综合工区,138,赣州西高铁房建车间,,,,,,
738,单身宿舍至维修工区道路,公-49,,,,,,1.759121019404e+12,770,宋红根,,,,,,,,,,,,2025-09-29,,,,,京港高速线,,,1.760673581814e+12,770,宋红根,27267,,https://ncjnas.coolmitech.com:50443/123/b7c45f3264ad45ff72e92c299d196cab?objectKey=nas/ncfjd/tlsbgl/2025/10/17/1760702378931_54972434.png&expireTime=1762412935371&signature=XADjPDbJrZlKSJ83P15ETufekKRyfNm8FV5fIMCeU77,,,70,,,,1,112,兴国西站,混凝土,37255,一级,1,赣州工务段,道路、广场、地面硬化,154,赣州西高铁综合工区,138,赣州西高铁房建车间,,,,,,
130,DK330+240直放站道路,31-6,,,,,,1.759123249691e+12,770,宋红根,,,,,,,,,,,,2025-09-29,,,,,京港高速线,,,1.76067363031e+12,770,宋红根,26605,,https://ncjnas.coolmitech.com:50443/123/0b9d2b23478a07ff7cec79bd98ec597c?objectKey=nas/ncfjd/tlsbgl/2025/10/17/1760702429058_64212205.png&expireTime=1762412935372&signature=Qd14cP1KtquIpHQSbbWUqJHwb6a8UOgYWHCPmtSJOUj,,,70,,,,1,112,兴国西站,混凝土,37281,一级,1,南昌通信段,道路、广场、地面硬化,154,赣州西高铁综合工区,138,赣州西高铁房建车间,,,,,,
194,1-2站台排水沟,站-23,,,,,,1.759116871332e+12,770,宋红根,,,,,,,,,,,,2025-09-29,,,,,京港高速线,,,1.760923189739e+12,770,宋红根,27280,,https://ncjnas.coolmitech.com:50443/123/f0544081107413a5da2c167ecf4965fc?objectKey=nas/ncfjd/tlsbgl/2025/10/20/1760951988057_57132204.png&expireTime=1762412935374&signature=02RCbzq5Y9epniuooYtTZuaNBtFCrRDT2IsxhNLlaic,,,70,,,,1,112,兴国西站,混凝土,37217,一级,1,赣州车务段,排水沟（管）,154,赣州西高铁综合工区,138,赣州西高铁房建车间,,,,,,
196,1-2站台玻璃幕墙,站-19,,,,,,1.75911643826e+12,770,宋红根,,,,,,,,,,,,2025-09-29,,,,,京港高速线,,,1.760673977974e+12,770,宋红根,27303,,https://ncjnas.coolmitech.com:50443/123/93ff7ed1a3ec84195e437b21b12fbaed?objectKey=nas/ncfjd/tlsbgl/2025/10/17/1760702776597_38255554.png&expireTime=1762412935376&signature=NqVZfeUYZ51FvtyYkMAYLJ6coFS61M9dR30hvlNKcbO,,,70,,,,1,112,兴国西站,无,37213,一级,1,赣州车务段,垂直电梯玻璃罩,154,赣州西高铁综合工区,138,赣州西高铁房建车间,,,,,,
245,1-2站台进出站斜踏步,站-24,,,,,,1.759117016833e+12,770,宋红根,,,,,,,,,,,,2025-09-29,,,,,京港高速线,,,1.76067401195e+12,770,宋红根,27281,,https://ncjnas.coolmitech.com:50443/123/79af462130b9978ebbef0833aac83a70?objectKey=nas/ncfjd/tlsbgl/2025/10/17/1760702810565_87275195.png&expireTime=1762412935377&signature=ULUSC3CHhtpKmKfCHzsUXRtTXcmyoYaBzjqaloijfsn,,,70,,,,1,112,兴国西站,砖,37218,一级,1,赣州车务段,台阶踏步,154,赣州西高铁综合工区,138,赣州西高铁房建车间,,,,,,
36,公安派出所停车位,公-11,,,,,,1.759118096386e+12,770,宋红根,,,,,,,,,,,,2025-09-29,,,,,京港高速线,,,1.760674231441e+12,770,宋红根,27232,,https://ncjnas.coolmitech.com:50443/123/c952da40193b52cea3f4b40d208302be?objectKey=nas/ncfjd/tlsbgl/2025/10/17/1760703029798_25018081.png&expireTime=1762412935379&signature=2OnCMSpuSGXgf0Qp0HUPK457kSZmj6vNIt7kv9qU4v6,,,70,,,,1,112,兴国西站,混凝土,37228,一级,1,赣州公安处,道路、广场、地面硬化,154,赣州西高铁综合工区,138,赣州西高铁房建车间,,,,,,
20,1-2站台端头栏杆,站-20,,,,,,1.759116563566e+12,770,宋红根,,,,,,,,,,,,2025-09-29,,,,,京港高速线,,,1.760687712986e+12,770,宋红根,27277,,https://ncjnas.coolmitech.com:50443/123/bf88563bcecace550359223e896aeb63?objectKey=nas/ncfjd/tlsbgl/2025/10/17/1760716510776_76807190.png&expireTime=1762412935380&signature=YRrxK4R4r4Q3FPEsWfVyCpO5IJvd62SxjAo7ka3Q3uD,,,70,,,,1,112,兴国西站,不锈钢,37214,一级,1,赣州车务段,围墙、栅栏（含玻璃栏板、站台端头栏杆）,154,赣州西高铁综合工区,138,赣州西高铁房建车间,,,,,,
105,信号楼围墙,公-1,,,,,,1.759117339674e+12,770,宋红根,,,,,,,,,,,,2025-09-29,,,,,京港高速线,,,1.760925950343e+12,770,宋红根,27223,,https://ncjnas.coolmitech.com:50443/123/a1f5e52e80e19353322fabeb5d847752?objectKey=nas/ncfjd/tlsbgl/2025/10/20/1760954749064_49228245.png&expireTime=1762412935381&signature=Etsq7pednxZt6hhBPGcNNP2mTfapdaLb1l2SSu66oy5,,,70,,,,1,112,兴国西站,砖,37221,一级,1,赣州工务段,围墙、栅栏（含玻璃栏板、站台端头栏杆）,154,赣州西高铁综合工区,138,赣州西高铁房建车间,,,,,,
18,车站单身宿舍晾衣棚,公-16,,,,,,1.759118585241e+12,770,宋红根,,,,,,,,,,,,2025-09-29,,,,,京港高速线,,,1.760945886155e+12,770,宋红根,27237,,https://ncjnas.coolmitech.com:50443/123/a6bd5c477a27cff3798f2e392fb6df6a?objectKey=nas/ncfjd/tlsbgl/2025/10/20/1760974684766_00675719.png&expireTime=1762412935383&signature=Zoype2QPz1rrlq9NcimzSLiuc3vuRboDu8lrCFt4gTx,,,70,,,,1,112,兴国西站,钢,37233,一级,1,赣州车务段,道路、广场、地面硬化,154,赣州西高铁综合工区,138,赣州西高铁房建车间,,,,,,
35.7,信号楼羽毛球场,公-3,,,,,,1.759117551925e+12,770,宋红根,,,,,,,,,,,,2025-09-29,,,,,京港高速线,,,1.760925983834e+12,770,宋红根,27225,,https://ncjnas.coolmitech.com:50443/123/dcbe785f91473a6617108c61d7d252eb?objectKey=nas/ncfjd/tlsbgl/2025/10/20/1760954782639_73743200.png&expireTime=1762412935385&signature=4SigWhPCVRVImraixZwfdBStrktlsWfHCrFrKiL9bGw,,,70,,,,1,112,兴国西站,混凝土,37223,一级,1,赣州工务段,室外篮球场,154,赣州西高铁综合工区,138,赣州西高铁房建车间,,,,,,
149.9,兴国西配电所硬化面,公-20,,,,,,1.759118997196e+12,770,宋红根,,,,,,,,,,,,2025-09-29,,,,,京港高速线,,,1.760946035694e+12,770,宋红根,27241,,https://ncjnas.coolmitech.com:50443/123/ef9481fd1d9793adc3e2f58ea204f012?objectKey=nas/ncfjd/tlsbgl/2025/10/20/1760974834635_01100340.png&expireTime=1762412935386&signature=81JAyjreL6hxMA6kI5PYUtE0LEebjGWbuUSu8v6DmGN,,,70,,,,1,112,兴国西站,混凝土,37236,一级,1,赣州工务段,道路、广场、地面硬化,154,赣州西高铁综合工区,138,赣州西高铁房建车间,,,,,,
40,DK319+320区间基站围墙,27-1,,,,,,1.759121843648e+12,770,宋红根,,,,,,,,,,,,2025-09-29,,,,,京港高速线,,,1.760946211641e+12,770,宋红根,27511,,https://ncjnas.coolmitech.com:50443/123/72f86aa2bad9125d5149380dca1b3260?objectKey=nas/ncfjd/tlsbgl/2025/10/20/1760975008008_20393710.png&expireTime=1762412935387&signature=fZdNDPzUjNFYSPFasKJcxeosqd7FHtFfRstdsH4q0Hf,,,70,,,,1,112,兴国西站,混凝土,37265,一级,1,南昌通信段,围墙、栅栏（含玻璃栏板、站台端头栏杆）,154,赣州西高铁综合工区,138,赣州西高铁房建车间,,,,,,
82,兴国西给水加压站围墙,公-22,,,,,,1.759119083828e+12,770,宋红根,,,,,,,,,,,,2025-09-29,,,,,京港高速线,,,1.760946540527e+12,770,宋红根,27243,,https://ncjnas.coolmitech.com:50443/123/2ffa7624d44f788c9f50c55f340944d7?objectKey=nas/ncfjd/tlsbgl/2025/10/20/1760975339558_38832629.png&expireTime=1762412935389&signature=x461Fy7PpidKtqJZalgo2y3AJpvPixjllyoFK3KAUA5,,,70,,,,1,112,兴国西站,砖,37237,二级,1,赣州车务段,围墙、栅栏（含玻璃栏板、站台端头栏杆）,154,赣州西高铁综合工区,138,赣州西高铁房建车间,,,,,,
74.5,兴国西给水加压站道路,公-23,,,,,,1.759119185422e+12,770,宋红根,,,,,,,,,,,,2025-09-29,,,,,京港高速线,,,1.760946607657e+12,770,宋红根,27244,,https://ncjnas.coolmitech.com:50443/123/8c53ac450507c9207a31adf9ccbb9811?objectKey=nas/ncfjd/tlsbgl/2025/10/20/1760975406076_29679933.png&expireTime=1762412935390&signature=08ZeD3SwN8VlCGH5QF61PA84mnobA0UYuWoxoDlZnsT,,,70,,,,1,112,兴国西站,混凝土,37238,一级,1,赣州车务段,道路、广场、地面硬化,154,赣州西高铁综合工区,138,赣州西高铁房建车间,,,,,,
72,兴国西污水处理站围墙,公-26,,,,,,1.759119293813e+12,770,宋红根,,,,,,,,,,,,2025-09-29,,,,,京港高速线,,,1.760946811487e+12,770,宋红根,27247,,https://ncjnas.coolmitech.com:50443/123/043197e7ff81ced3da9db6a580663180?objectKey=nas/ncfjd/tlsbgl/2025/10/20/1760975610495_16659208.png&expireTime=1762412935391&signature=naBLotQppKHiQgKPmwPyKmjFyKsSVopLllCp0N38Rmx,,,70,,,,1,112,兴国西站,砖,37239,一级,1,赣州工务段,围墙、栅栏（含玻璃栏板、站台端头栏杆）,154,赣州西高铁综合工区,138,赣州西高铁房建车间,,,,,,
72,兴国西污水处理站道路,公-27,,,,,,1.759119388722e+12,770,宋红根,,,,,,,,,,,,2025-09-29,,,,,京港高速线,,,1.760946934504e+12,770,宋红根,27248,,https://ncjnas.coolmitech.com:50443/123/97481a431ddfaa86f62edb8918b8fa7e?objectKey=nas/ncfjd/tlsbgl/2025/10/20/1760975733428_11784874.png&expireTime=1762412935392&signature=kzvvuxfUhFVF4Mr4j4FqHJJ781t2suVZiLuS6qegPxS,,,70,,,,1,112,兴国西站,混凝土,37240,一级,1,赣州工务段,道路、广场、地面硬化,154,赣州西高铁综合工区,138,赣州西高铁房建车间,,,,,,
20,轨道车库及机具材料库硬化面,公-35,,,,,,1.759119583443e+12,770,宋红根,,,,,,,,,,,,2025-09-29,,,,,京港高速线,,,1.760947157106e+12,770,宋红根,27254,,https://ncjnas.coolmitech.com:50443/123/5901b9986bdb150a528bb74640845fda?objectKey=nas/ncfjd/tlsbgl/2025/10/20/1760975947587_88555657.png&expireTime=1762412935394&signature=ZuvR8IFVxJj6kfbsiFPaBB1LI4UFcJU1mXyriKcGVoV,,,70,,,,1,112,兴国西站,混凝土,37242,一级,1,赣州工务段,道路、广场、地面硬化,154,赣州西高铁综合工区,138,赣州西高铁房建车间,,,,,,
70.4,综合办公楼硬化面,公-36,,,,,,1.759119672085e+12,770,宋红根,,,,,,,,,,,,2025-09-29,,,,,京港高速线,,,1.760947250398e+12,770,宋红根,27255,,https://ncjnas.coolmitech.com:50443/123/5c20d7ddb9c72feeab20252563fa1fcf?objectKey=nas/ncfjd/tlsbgl/2025/10/20/1760976049367_24689992.png&expireTime=1762412935395&signature=EITtdJSEHi86g9X0OH7i5hMhLycERNIa5EtVUZh4cDJ,,,70,,,,1,112,兴国西站,混凝土,37243,一级,1,赣州工务段,道路、广场、地面硬化,154,赣州西高铁综合工区,138,赣州西高铁房建车间,,,,,,
560,综合办公楼检查井,公-37,,,,,,1.759119785803e+12,770,宋红根,,,,,,,,,,,,2025-09-29,,,,,京港高速线,,,1.760947343181e+12,770,宋红根,27256,,https://ncjnas.coolmitech.com:50443/123/a8d706205dc7d73bccc20b388eb5efce?objectKey=nas/ncfjd/tlsbgl/2025/10/20/1760976141771_43916591.png&expireTime=1762412935396&signature=9AarythmJyv3ebXLtiB07a0yhqyqq7nm8i4OInoCbUn,,,70,,,,1,112,兴国西站,混凝土,37244,一级,1,赣州工务段,闸门井、检查井、跌水井、雨水井,154,赣州西高铁综合工区,138,赣州西高铁房建车间,,,,,,
60,变电所硬化面,公-38,,,,,,1.759119860035e+12,770,宋红根,,,,,,,,,,,,2025-09-29,,,,,京港高速线,,,1.760947463848e+12,770,宋红根,27257,,https://ncjnas.coolmitech.com:50443/123/97088d8b22df9580668a2177b09f6093?objectKey=nas/ncfjd/tlsbgl/2025/10/20/1760976262626_26154489.png&expireTime=1762412935398&signature=yHy2O9pjp9K9ENofDFmKhXhZWZ5FK1BggU5iwPS8Ryz,,,70,,,,1,112,兴国西站,混凝土,37245,一级,1,赣州工务段,道路、广场、地面硬化,154,赣州西高铁综合工区,138,赣州西高铁房建车间,,,,,,
105.4,维修工区篮球场,公-44,,,,,,1.759120626068e+12,770,宋红根,,,,,,,,,,,,2025-09-29,,,,,京港高速线,,,1.760947812612e+12,770,宋红根,27263,,https://ncjnas.coolmitech.com:50443/123/86ac078845145fb0a2c365ab3e6261b1?objectKey=nas/ncfjd/tlsbgl/2025/10/20/1760976611721_88311256.png&expireTime=1762412935399&signature=JE22ezcOO0Wzef5xbeN8POgEmJZjb77xaU6t9wU49ve,,,70,,,,1,112,兴国西站,混凝土,37250,一级,1,赣州工务段,室外篮球场,154,赣州西高铁综合工区,138,赣州西高铁房建车间,,,,,,
7.2,维修工区停车棚,公-46,,,,,,1.759120788703e+12,770,宋红根,,,,,,,,,,,,2025-09-29,,,,,京港高速线,,,1.760948030173e+12,770,宋红根,27265,,https://ncjnas.coolmitech.com:50443/123/065a056aeb9264f589d2206b85cd503e?objectKey=nas/ncfjd/tlsbgl/2025/10/20/1760976829018_15258299.png&expireTime=1762412935401&signature=J5rfLpELlLvhTIPr6ZTSwMgS6YAk9HPvbj8iFcVWydb,,,70,,,,1,112,兴国西站,钢,37252,一级,1,赣州工务段,道路、广场、地面硬化,154,赣州西高铁综合工区,138,赣州西高铁房建车间,,,,,,
34,维修工区晾衣棚,公-45,,,,,,1.759120716126e+12,770,宋红根,,,,,,,,,,,,2025-09-29,,,,,京港高速线,,,1.760947898459e+12,770,宋红根,27264,,https://ncjnas.coolmitech.com:50443/123/f7cae92ac2c2049039a027f3894a3e13?objectKey=nas/ncfjd/tlsbgl/2025/10/20/1760976696417_99807301.png&expireTime=1762412935402&signature=2XPn61IUX5YCVr91dQIkUGZl43sAKHMw02akuH6usnl,,,70,,,,1,112,兴国西站,钢,37251,一级,1,赣州工务段,道路、广场、地面硬化,154,赣州西高铁综合工区,138,赣州西高铁房建车间,,,,,,
200,维修工区污水提升井,公-48,,,,,,1.759120944949e+12,770,宋红根,,,,,,,,,,,,2025-09-29,,,,,京港高速线,,,1.76094823411e+12,770,宋红根,27302,,https://ncjnas.coolmitech.com:50443/123/959b77561e73c9a949a3d7143d29e960?objectKey=nas/ncfjd/tlsbgl/2025/10/20/1760977032814_65129660.png&expireTime=1762412935403&signature=2P5H88PI5P9wAJpTeCsecwexIbAD0uK1AcruwTkgits,,,70,,,,1,112,兴国西站,混凝土,37254,一级,1,赣州工务段,沉淀地,154,赣州西高铁综合工区,138,赣州西高铁房建车间,,,,,,
80,进出道路排水沟,公-50,,,,,,1.759121081623e+12,770,宋红根,,,,,,,,,,,,2025-09-29,,,,,京港高速线,,,1.760948336327e+12,770,宋红根,27268,,https://ncjnas.coolmitech.com:50443/123/158f7d9e46e9e940124ed18ded9b6656?objectKey=nas/ncfjd/tlsbgl/2025/10/20/1760977135073_15540769.png&expireTime=1762412935405&signature=cfXykEkENcLUd9AeR1wuoZ5MgxJHSMzuzgnLqdHno4Q,,,70,,,,1,112,兴国西站,混凝土,37256,一级,1,赣州工务段,排水沟（管）,154,赣州西高铁综合工区,138,赣州西高铁房建车间,,,,,,
1100,进出道路护坡,公-52,,,,,,1.75912121126e+12,770,宋红根,,,,,,,,,,,,2025-09-29,,,,,京港高速线,,,1.760948502069e+12,770,宋红根,27270,,https://ncjnas.coolmitech.com:50443/123/b61721dec895e85568e553f168945347?objectKey=nas/ncfjd/tlsbgl/2025/10/20/1760977301089_35566502.png&expireTime=1762412935406&signature=MQqTXWaVqcuJ0EaXB6UZnhd6BBiQEjsvZcokuzwPcOe,,,70,,,,1,112,兴国西站,混凝土,37258,一级,1,赣州工务段,挡墙护坡,154,赣州西高铁综合工区,138,赣州西高铁房建车间,,,,,,
175,进出道路围墙,公-51,,,,,,1.759121142116e+12,770,宋红根,,,,,,,,,,,,2025-09-29,,,,,京港高速线,,,1.760948435187e+12,770,宋红根,27269,,https://ncjnas.coolmitech.com:50443/123/11b894bd93870880aa7a44613120d733?objectKey=nas/ncfjd/tlsbgl/2025/10/20/1760977233926_24508578.png&expireTime=1762412935408&signature=T8ts8ofMELmQ4jq033nsJcMeG8czIlVhgDlb8CknIEn,,,70,,,,1,112,兴国西站,砖,37257,一级,1,赣州工务段,围墙、栅栏（含玻璃栏板、站台端头栏杆）,154,赣州西高铁综合工区,138,赣州西高铁房建车间,,,,,,
44,DK318+605区间基站+直放站围墙,25-1,,,,,,1.759121297215e+12,770,宋红根,,,,,,,,,,,,2025-09-29,,,,,京港高速线,,,1.760948576773e+12,770,宋红根,27508,,https://ncjnas.coolmitech.com:50443/123/42d77045297f6122a3089701500349ad?objectKey=nas/ncfjd/tlsbgl/2025/10/20/1760977375559_55677192.png&expireTime=1762412935409&signature=kN8IsWMKehA6TVCJ7tLQ5nRk8ND9t1B4BSMijjdYgc,,,70,,,,1,112,兴国西站,混凝土,37259,一级,1,南昌通信段,围墙、栅栏（含玻璃栏板、站台端头栏杆）,154,赣州西高铁综合工区,138,赣州西高铁房建车间,,,,,,
17.6,DK318+605区间基站+直放站排水沟,25-2,,,,,,1.759121380735e+12,770,宋红根,,,,,,,,,,,,2025-09-29,,,,,京港高速线,,,1.760948645182e+12,770,宋红根,27509,,https://ncjnas.coolmitech.com:50443/123/8f4858ca02db1cc9441d9d1b62b62965?objectKey=nas/ncfjd/tlsbgl/2025/10/20/1760977443819_88908738.png&expireTime=1762412935411&signature=LW1JXfFhchrVd5H8dtICy4TbmlYwx9gWVt4EKzzBHxn,,,70,,,,1,112,兴国西站,混凝土,37260,一级,1,南昌通信段,排水沟（管）,154,赣州西高铁综合工区,138,赣州西高铁房建车间,,,,,,
49,DK318+605中继站17围墙,26-1,,,,,,1.7591215343e+12,770,宋红根,,,,,,,,,,,,2025-09-29,,,,,京港高速线,,,1.760948885389e+12,770,宋红根,27510,,https://ncjnas.coolmitech.com:50443/123/4f266713951635d5b0d53d858564acd8?objectKey=nas/ncfjd/tlsbgl/2025/10/20/1760977684298_56593864.png&expireTime=1762412935413&signature=DW0VhkvBPcynZYKW2zyUethCkjNxsjP8hbfR5wUnvfn,,,70,,,,1,112,兴国西站,混凝土,37262,一级,1,赣州工务段,围墙、栅栏（含玻璃栏板、站台端头栏杆）,154,赣州西高铁综合工区,138,赣州西高铁房建车间,,,,,,
130,DK318+605中继站17道路,26-6,,,,,,1.75912164025e+12,770,宋红根,,,,,,,,,,,,2025-09-29,,,,,京港高速线,,,1.760948986929e+12,770,宋红根,27519,,https://ncjnas.coolmitech.com:50443/123/2f4fbcde6bccb08d6e74fe976027572a?objectKey=nas/ncfjd/tlsbgl/2025/10/20/1760977785696_31750557.png&expireTime=1762412935414&signature=sJa9VqNESjr5gBisassHz3fZOtcWjR4eelm3P3caLdQ,,,70,,,,1,112,兴国西站,混凝土,37263,一级,1,南昌通信段,道路、广场、地面硬化,154,赣州西高铁综合工区,138,赣州西高铁房建车间,,,,,,
109.422,DK318+605中继站17硬化面,26-8,,,,,,1.759121729578e+12,770,宋红根,,,,,,,,,,,,2025-09-29,,,,,京港高速线,,,1.76094903828e+12,770,宋红根,26849,,https://ncjnas.coolmitech.com:50443/123/6daa947e939ef800e2b8417842e497dd?objectKey=nas/ncfjd/tlsbgl/2025/10/20/1760977837305_19558837.png&expireTime=1762412935416&signature=ot2ISU1KV5FWRtQYawarv0aCSpBvKgVDVks56TxlgOQ,,,70,,,,1,112,兴国西站,混凝土,37264,一级,1,赣州工务段,道路、广场、地面硬化,154,赣州西高铁综合工区,138,赣州西高铁房建车间,,,,,,
40,DK329+700区间基站围墙,28-1,,,,,,1.759122100236e+12,770,宋红根,,,,,,,,,,,,2025-09-29,,,,,京港高速线,,,1.760949094052e+12,770,宋红根,26595,,https://ncjnas.coolmitech.com:50443/123/ead8943209ccededefb130e0dc93c62d?objectKey=nas/ncfjd/tlsbgl/2025/10/20/1760977889649_36318614.png&expireTime=1762412935418&signature=SKV9BrjoU8ZJR52zsmeesYHnF410fNvSqeoqecFfG6z,,,70,,,,1,112,兴国西站,砖,37268,二级,1,南昌通信段,围墙、栅栏（含玻璃栏板、站台端头栏杆）,154,赣州西高铁综合工区,138,赣州西高铁房建车间,,,,,,
64.422,DK329+700区间基站硬化面,28-8,,,,,,1.759122272909e+12,770,宋红根,,,,,,,,,,,,2025-09-29,,,,,京港高速线,,,1.760949243716e+12,770,宋红根,26851,,https://ncjnas.coolmitech.com:50443/123/fdec9557217b550de3a9ce04c2eebf5b?objectKey=nas/ncfjd/tlsbgl/2025/10/20/1760978042603_14564228.png&expireTime=1762412935420&signature=p5HrXcSecsn7IYW7uJEytF549kxhJcA6Xg8xFNim3gI,,,70,,,,1,112,兴国西站,混凝土,37270,一级,1,南昌通信段,道路、广场、地面硬化,154,赣州西高铁综合工区,138,赣州西高铁房建车间,,,,,,
196,DK329+850下兰坑AT所挡土墙,29-4,,,,,,1.759122482733e+12,770,宋红根,,,,,,,,,,,,2025-09-29,,,,,京港高速线,,,1.76094930587e+12,770,宋红根,26598,,https://ncjnas.coolmitech.com:50443/123/425d032d0ebe69f31424fda1663b8749?objectKey=nas/ncfjd/tlsbgl/2025/10/20/1760978104871_56126718.png&expireTime=1762412935421&signature=dcRqf0uRXy2XslV9teKCjWpwi5g2dbXPvxaidQy2LRu,,,70,,,,1,112,兴国西站,混凝土,37272,一级,1,赣州工务段,挡土墙,154,赣州西高铁综合工区,138,赣州西高铁房建车间,,,,,,
185,2站台侧面栏杆,站-21,,,,,,1.759116656649e+12,770,宋红根,,,,,,,,,,,,2025-09-29,,,,,京港高速线,,,1.760665500839e+12,770,宋红根,27304,,https://ncjnas.coolmitech.com:50443/123/1b8db9373a7661d511d02d7511ca7205?objectKey=nas/ncfjd/tlsbgl/2025/10/17/1760701855117_69964031.png&expireTime=1762412935422&signature=qQvaqpz6HbhyyvrVuLWzFC4jhHgkUzzpsr3DP89Av0n,,,70,,,,1,112,兴国西站,不锈钢,37215,一级,1,赣州车务段,围墙、栅栏（含玻璃栏板、站台端头栏杆）,154,赣州西高铁综合工区,138,赣州西高铁房建车间,,,,,,
39,DK330+240中继站18围墙,30-1,,,,,,1.759122674833e+12,770,宋红根,,,,,,,,,,,,2025-09-29,,,,,京港高速线,,,1.76094956732e+12,770,宋红根,26599,,https://ncjnas.coolmitech.com:50443/123/e39acd3da8f160cf54233d97e04bd0b4?objectKey=nas/ncfjd/tlsbgl/2025/10/20/1760978360167_84634686.png&expireTime=1762412935984&signature=hf0bsqCCGWUfsDmvZLSU6oGBnSuGOa7jFAx5XoaZtW,,,70,,,,1,112,兴国西站,砖,37274,二级,1,赣州工务段,围墙、栅栏（含玻璃栏板、站台端头栏杆）,154,赣州西高铁综合工区,138,赣州西高铁房建车间,,,,,,
1112.5,DK330+240中继站18护坡,30-3,,,,,,1.759122756992e+12,770,宋红根,,,,,,,,,,,,2025-09-29,,,,,京港高速线,,,1.760949669474e+12,770,宋红根,26600,,https://ncjnas.coolmitech.com:50443/123/52e5b835626a2a5a9df0f61742e671e1?objectKey=nas/ncfjd/tlsbgl/2025/10/20/1760978468599_68276280.png&expireTime=1762412935986&signature=xcAqJODus5EDmMFSmRHRBruX0m14NmzEuY8lWHXpp9S,,,70,,,,1,112,兴国西站,混凝土,37275,二级,1,赣州工务段,挡墙护坡,154,赣州西高铁综合工区,138,赣州西高铁房建车间,,,,,,
130,DK330+240中继站18道路,30-6,,,,,,1.759122825228e+12,770,宋红根,,,,,,,,,,,,2025-09-29,,,,,京港高速线,,,1.760949743619e+12,770,宋红根,26601,,https://ncjnas.coolmitech.com:50443/123/828d3caba7b88f06af0bd8b3aab008e8?objectKey=nas/ncfjd/tlsbgl/2025/10/20/1760978542435_31128796.png&expireTime=1762412935989&signature=Qcav3X0p8Yg1fqkf34tbn29NlhuwgtJyoboHYLNPicC,,,70,,,,1,112,兴国西站,混凝土,37276,一级,1,赣州工务段,道路、广场、地面硬化,154,赣州西高铁综合工区,138,赣州西高铁房建车间,,,,,,
78.8,DK330+240中继站18硬化面,30-8,,,,,,1.75912289787e+12,770,宋红根,,,,,,,,,,,,2025-09-29,,,,,京港高速线,,,1.760949822256e+12,770,宋红根,26853,,https://ncjnas.coolmitech.com:50443/123/5db65c8c30b9e65e787df035b09e4583?objectKey=nas/ncfjd/tlsbgl/2025/10/20/1760978621224_63678973.png&expireTime=1762412935991&signature=ps9MpO18bOV9vPIqgYxZABoBhhQtx79A78TWTxk8h3I,,,70,,,,1,112,兴国西站,混凝土,37277,一级,1,赣州工务段,道路、广场、地面硬化,154,赣州西高铁综合工区,138,赣州西高铁房建车间,,,,,,
12,DK330+240直放站排水沟,31-2,,,,,,1.759123050528e+12,770,宋红根,,,,,,,,,,,,2025-09-29,,,,,京港高速线,,,1.760949956412e+12,770,宋红根,26603,,https://ncjnas.coolmitech.com:50443/123/07328fb196d32a93657110099d07fd98?objectKey=nas/ncfjd/tlsbgl/2025/10/20/1760978755219_05634350.png&expireTime=1762412935992&signature=jVahSUJ65FNtDytZwhNBmSRsryRhBrJPggFk3Aj4Gve,,,70,,,,1,112,兴国西站,混凝土,37279,二级,1,南昌通信段,排水沟（管）,154,赣州西高铁综合工区,138,赣州西高铁房建车间,,,,,,
1112.5,DK330+240直放站护坡,31-3,,,,,,1.759123145594e+12,770,宋红根,,,,,,,,,,,,2025-09-29,,,,,京港高速线,,,1.760950008092e+12,770,宋红根,26604,,https://ncjnas.coolmitech.com:50443/123/ba97b0c9aad2b355685edf7440adb753?objectKey=nas/ncfjd/tlsbgl/2025/10/20/1760978806828_00238757.png&expireTime=1762412935993&signature=VMkc8Z6ybDrDZ89c0zAnxxSHd0TxMEPZPwWfmbn0Hp0,,,70,,,,1,112,兴国西站,混凝土,37280,二级,1,南昌通信段,挡墙护坡,154,赣州西高铁综合工区,138,赣州西高铁房建车间,,,,,,
37.9,DK330+240直放站硬化面,31-8,,,,,,1.759123346527e+12,770,宋红根,,,,,,,,,,,,2025-09-29,,,,,京港高速线,,,1.760950056673e+12,770,宋红根,26854,,https://ncjnas.coolmitech.com:50443/123/591d3e9824b00669399e662a21c3a49c?objectKey=nas/ncfjd/tlsbgl/2025/10/20/1760978855509_53467563.png&expireTime=1762412935995&signature=3OehZAmSX6zWQVpFEKj7yQ5QKGEoEyJ710O8TYcu4IP,,,70,,,,1,112,兴国西站,混凝土,37282,一级,1,南昌通信段,道路、广场、地面硬化,154,赣州西高铁综合工区,138,赣州西高铁房建车间,,,,,,
38.4,1-2站台垂直电梯玻璃罩,站-18,,,,,,1.759116287538e+12,770,宋红根,,,,,,,,,,,,2025-09-29,,,,,京港高速线,,,1.760950248185e+12,770,宋红根,27276,,https://ncjnas.coolmitech.com:50443/123/6e187ddd290db6984b67c7d02ea393c3?objectKey=nas/ncfjd/tlsbgl/2025/10/20/1760979047177_87536672.png&expireTime=1762412935996&signature=ySoGDW3Pf3YCOdrrqpDip4GtcB2VolpdtnjQ1C1I9If,,,70,,,,1,112,兴国西站,框架,37212,一级,1,赣州车务段,垂直电梯玻璃罩,154,赣州西高铁综合工区,138,赣州西高铁房建车间,,,,,,
250,综合车间4米宽道路,47,,,,,,1.760943116212e+12,770,宋红根,,,,,,,,,,,,2025-10-20,,,,,沪昆客专,,,1.76152909877e+12,770,宋红根,22069,,https://ncjnas.coolmitech.com:50443/123/2ae4328ecbc2cc2f2fb8a87e70cd9d1d?objectKey=nas/ncfjd/tlsbgl/2025/10/21/1761053726462_31984536.png&expireTime=1762412935997&signature=wywP31yaLOPteqsdDXdMACaPN3r3S5kUxmcJmBmR6vf,,,76,,,,1,226,新余北,砼,46938,二级,2,南昌房建生活段,道路、广场、地面硬化,151,新余北高铁综合工区,143,南昌西高铁房建车间,,,,,,
110,DK330+865直放站护坡,32-3,,,,,,1.759123607942e+12,770,宋红根,,,,,,,,,,,,2025-09-29,,,,,京港高速线,,,1.760958515373e+12,770,宋红根,26616,,https://ncjnas.coolmitech.com:50443/123/9a6634fa10da33d7cc9c20dc1c709b52?objectKey=nas/ncfjd/tlsbgl/2025/10/20/1760987314419_81523499.png&expireTime=1762412935998&signature=aphyhzeXzcJwOL22R0vwcOHC4VBROzsnHDGrsYF5sKn,,,70,,,,1,112,兴国西站,混凝土,37285,一级,1,南昌通信段,挡墙护坡,154,赣州西高铁综合工区,138,赣州西高铁房建车间,,,,,,
60,污水处理站围墙,公-7,,,,,,1.759153259236e+12,770,宋红根,,,,,,,,,,,,2025-09-29,,,,,京港高速线,,,1.761010139213e+12,770,宋红根,26986,,https://ncjnas.coolmitech.com:50443/123/e7a8ee0061fca85ce729a037a6f8775d?objectKey=nas/ncfjd/tlsbgl/2025/10/21/1761038938297_34836796.png&expireTime=1762412936000&signature=8MbpJ0oab882VVvyNoQVhCwiziKtAfpzerchxhhaZUT,,,70,,,,1,394,赣县北站,砖,37398,一级,1,赣州工务段,围墙、栅栏（含玻璃栏板、站台端头栏杆）,154,赣州西高铁综合工区,138,赣州西高铁房建车间,,,,,,
26,警务区栏杆,公-5,,,,,,1.759152991213e+12,770,宋红根,,,,,,,,,,,,2025-09-29,,,,,京港高速线,,,1.761012621478e+12,770,宋红根,26984,,https://ncjnas.coolmitech.com:50443/123/2a0b8435266939cd141d1db44526b663?objectKey=nas/ncfjd/tlsbgl/2025/10/21/1761041420011_24508901.png&expireTime=1762412936001&signature=dgGYsJw1ZvK3ZTkonePIk6yTOzrE2QV6uhTNVkQsbiJ,,,70,,,,1,394,赣县北站,钢,37396,一级,1,赣州公安处,围墙、栅栏（含玻璃栏板、站台端头栏杆）,154,赣州西高铁综合工区,138,赣州西高铁房建车间,,,,,,
26.2,警务区停车场,公-6,,,,,,1.75915310112e+12,770,宋红根,,,,,,,,,,,,2025-09-29,,,,,京港高速线,,,1.761012687488e+12,770,宋红根,26985,,https://ncjnas.coolmitech.com:50443/123/065e396aba28373dbfae3e2dc96df505?objectKey=nas/ncfjd/tlsbgl/2025/10/21/1761041486456_96258799.png&expireTime=1762412936003&signature=pCtLdk2C22NLXGd8xVkaU7hvsvXECyksj0Ox2MniQXm,,,70,,,,1,394,赣县北站,混凝土,37397,一级,1,赣州公安处,道路、广场、地面硬化,154,赣州西高铁综合工区,138,赣州西高铁房建车间,,,,,,
20,单身宿舍排水沟,公-15,,,,,,1.75915411119e+12,770,宋红根,,,,,,,,,,,,2025-09-29,,,,,京港高速线,,,1.761012755272e+12,770,宋红根,27106,,https://ncjnas.coolmitech.com:50443/123/033a4447fb072da8a87ffc4d2d30bdf8?objectKey=nas/ncfjd/tlsbgl/2025/10/21/1761041554101_69915034.png&expireTime=1762412936004&signature=nIiWecGWXvmo5n3aS0zuyvvYgaMYn4Y3znIvRhNcOyB,,,70,,,,1,394,赣县北站,混凝土,37404,二级,1,赣州车务段,排水沟（管）,154,赣州西高铁综合工区,138,赣州西高铁房建车间,,,,,,
565.2,维修工区道路,公-29,,,,,,1.759154724709e+12,770,宋红根,,,,,,,,,,,,2025-09-29,,,,,京港高速线,,,1.761012827135e+12,770,宋红根,27217,,https://ncjnas.coolmitech.com:50443/123/c4d3ee39122a7e1559b2aa01d6851944?objectKey=nas/ncfjd/tlsbgl/2025/10/21/1761041626099_52382955.png&expireTime=1762412936005&signature=b9ReAdaP4YH1SdeGGLVxttgZmiQfeydYvRkW6wA8oyU,,,70,,,,1,394,赣县北站,混凝土,37411,一级,1,赣州工务段,道路、广场、地面硬化,154,赣州西高铁综合工区,138,赣州西高铁房建车间,,,,,,
200,维修工区污水提升井,公-35,,,,,,1.759155402425e+12,770,宋红根,,,,,,,,,,,,2025-09-29,,,,,京港高速线,,,1.761012891251e+12,770,宋红根,27300,,https://ncjnas.coolmitech.com:50443/123/04606aad18a8b48e917702465a8ce980?objectKey=nas/ncfjd/tlsbgl/2025/10/21/1761041683321_91817585.png&expireTime=1762412936006&signature=bU3jq6pN3nXWVNepWcKwFDOzURa3StZScrGK2ihSF0J,,,70,,,,1,394,赣县北站,混凝土,37417,一级,1,赣州工务段,沉淀地,154,赣州西高铁综合工区,138,赣州西高铁房建车间,,,,,,
44,DK367+015区间基站+直放站围墙,23-1,,,,,,1.759156163867e+12,770,宋红根,,,,,,,,,,,,2025-09-29,,,,,京港高速线,,,1.761013030211e+12,770,宋红根,26535,,https://ncjnas.coolmitech.com:50443/123/a8fedc0eebc85177a4458c87d4e0e73d?objectKey=nas/ncfjd/tlsbgl/2025/10/21/1761041828935_54799213.png&expireTime=1762412936008&signature=3tKu0ng7PbDFEKHfp9WrivfPuUSRMexM5WsyWTQWl0f,,,70,,,,1,394,赣县北站,砖,37424,一级,1,南昌通信段,围墙、栅栏（含玻璃栏板、站台端头栏杆）,154,赣州西高铁综合工区,138,赣州西高铁房建车间,,,,,,
52.5,DK369+630劳田警务区围墙,25-1,,,,,,1.759156772491e+12,770,宋红根,,,,,,,,,,,,2025-09-29,,,,,京港高速线,,,1.761013121032e+12,770,宋红根,26537,,https://ncjnas.coolmitech.com:50443/123/9cfcc0c645e5ffe74f0f872f8bc0ebd2?objectKey=nas/ncfjd/tlsbgl/2025/10/21/1761041919447_77367426.png&expireTime=1762412936009&signature=T6XqqVvMEgM5oerKYFPgsYcJslue95n3z6yMZ6GaSF1,,,70,,,,1,394,赣县北站,砖,37428,一级,1,赣州公安处,围墙、栅栏（含玻璃栏板、站台端头栏杆）,154,赣州西高铁综合工区,138,赣州西高铁房建车间,,,,,,
200,DK362+441区间基站+直放站护坡,22-3,,,,,,1.759155926972e+12,770,宋红根,,,,,,,,,,,,2025-09-29,,,,,京港高速线,,,1.76103012711e+12,770,宋红根,27674,,https://ncjnas.coolmitech.com:50443/123/012cbcf63e1bbf0af276f0139f8fb6f7?objectKey=nas/ncfjd/tlsbgl/2025/10/21/1761040472714_16690506.png&expireTime=1762412936010&signature=2Pzr0VvhvXhPB8c9xtvfg4NBKohViXhxgW72VUy2qR8,,,70,,,,1,394,赣县北站,混凝土,37422,一级,1,南昌通信段,挡墙护坡,154,赣州西高铁综合工区,138,赣州西高铁房建车间,,,,,,
40,DK354+985区间基站+直放站围墙,66-1,,,,,,1.759136757431e+12,770,宋红根,,,,,,,,,,,,2025-09-29,,,,,京港高速线,,,1.761535454816e+12,770,宋红根,27522,,https://ncjnas.coolmitech.com:50443/123/18d4ad55df093156cfc2a73d57763faa?objectKey=nas/ncfjd/tlsbgl/2025/10/17/1760702789752_25611903.png&expireTime=1762412936012&signature=avNJ5TwwDhTnpi9MkyXhLszrdFFtzsqRTYPdtKb9KQy,,,70,,,,1,112,兴国西站,混凝土,37360,一级,1,南昌通信段,围墙、栅栏（含玻璃栏板、站台端头栏杆）,154,赣州西高铁综合工区,138,赣州西高铁房建车间,,,,,,
250,DK345+821区间基站+直放站护坡,53-3,,,,,,1.759131919852e+12,770,宋红根,,,,,,,,,,,,2025-09-29,,,,,京港高速线,,,,,,26640,,https://ncjnas.coolmitech.com:50443/123/0b6197fa7b9ff1afce18b8f7f04d53ec?objectKey=nas/ncfjd/tlsbgl/2025/10/17/1760702478800_94384392.png&expireTime=1762412936013&signature=6zb7mSi0dr2qi7x3GjkbgIGrEMnKC4i2kp7pFobHcCs,,,70,,,,1,112,兴国西站,混凝土,37317,一级,1,南昌通信段,挡墙护坡,154,赣州西高铁综合工区,138,赣州西高铁房建车间,,,,,,
40,DK331+310区间基站+直放站围墙,33-1,,,,,,1.759123781181e+12,770,宋红根,,,,,,,,,,,,2025-09-29,,,,,京港高速线,,,1.76095940374e+12,770,宋红根,26617,,https://ncjnas.coolmitech.com:50443/123/6a6b4016f47a2f8d6cea7e472d416e9c?objectKey=nas/ncfjd/tlsbgl/2025/10/20/1760988202220_46400121.png&expireTime=1762412936014&signature=2Xp160rNuBa3MB9w2rfWqLvndvpF9zxd4xyaahZO6eg,,,70,,,,1,112,兴国西站,砖,37287,一级,1,南昌通信段,围墙、栅栏（含玻璃栏板、站台端头栏杆）,154,赣州西高铁综合工区,138,赣州西高铁房建车间,,,,,,
25,DK344+400直放站围墙,52-1,,,,,,1.759131262824e+12,770,宋红根,,,,,,,,,,,,2025-09-29,,,,,京港高速线,,,1.760961005962e+12,770,宋红根,26637,,https://ncjnas.coolmitech.com:50443/123/bcee3779308b1688a5c0562615937175?objectKey=nas/ncfjd/tlsbgl/2025/10/20/1760989805000_97627442.png&expireTime=1762412936015&signature=6082ty6nlCdqNtvUZI8UmLNSTJnZAKPLTN7d4PMl7lb,,,70,,,,1,112,兴国西站,砖,37313,一级,1,南昌通信段,围墙、栅栏（含玻璃栏板、站台端头栏杆）,154,赣州西高铁综合工区,138,赣州西高铁房建车间,,,,,,
35,DK345+821区间基站+直放站围墙,53-1,,,,,,1.759131730059e+12,770,宋红根,,,,,,,,,,,,2025-09-29,,,,,京港高速线,,,1.760961061952e+12,770,宋红根,26638,,https://ncjnas.coolmitech.com:50443/123/f72c782e697e4e9173c1dbab9bfb91d2?objectKey=nas/ncfjd/tlsbgl/2025/10/20/1760989856660_39468625.png&expireTime=1762412936016&signature=uBsKYyJQWVDqfJclY0At34cPm83nRP388VkH72hte68,,,70,,,,1,112,兴国西站,砖,37315,二级,1,南昌通信段,围墙、栅栏（含玻璃栏板、站台端头栏杆）,154,赣州西高铁综合工区,138,赣州西高铁房建车间,,,,,,
4,DK345+821区间基站+直放站排水沟,53-2,,,,,,1.759131830803e+12,770,宋红根,,,,,,,,,,,,2025-09-29,,,,,京港高速线,,,1.760961098403e+12,770,宋红根,26639,,https://ncjnas.coolmitech.com:50443/123/d86347029c1afe85be932c4263e3fcfa?objectKey=nas/ncfjd/tlsbgl/2025/10/20/1760989897393_23792975.png&expireTime=1762412936018&signature=Ft4md3rT41KSJZIV9b1pvWV6elEk2qZyHC1FZ3u8y5c,,,70,,,,1,112,兴国西站,混凝土,37316,一级,1,南昌通信段,排水沟（管）,154,赣州西高铁综合工区,138,赣州西高铁房建车间,,,,,,
45.822,DK345+821区间基站+直放站硬化面,53-8,,,,,,1.759132204908e+12,770,宋红根,,,,,,,,,,,,2025-09-29,,,,,京港高速线,,,1.760961212598e+12,770,宋红根,26864,,https://ncjnas.coolmitech.com:50443/123/45211ae8fbd3d604de86857fff7dad05?objectKey=nas/ncfjd/tlsbgl/2025/10/20/1760990011497_52967641.png&expireTime=1762412936019&signature=3QMymBxJ2plQVrUxqwsDn6oMlTdNZIltg6MyeLF9wbn,,,70,,,,1,112,兴国西站,混凝土,37319,一级,1,南昌通信段,道路、广场、地面硬化,154,赣州西高铁综合工区,138,赣州西高铁房建车间,,,,,,
30,DK346+150直放站围墙,54-1,,,,,,1.759132283912e+12,770,宋红根,,,,,,,,,,,,2025-09-29,,,,,京港高速线,,,1.760961271446e+12,770,宋红根,26642,,https://ncjnas.coolmitech.com:50443/123/a88163358a21b2d35cd3e32a263fd4e5?objectKey=nas/ncfjd/tlsbgl/2025/10/20/1760990070462_94944686.png&expireTime=1762412936025&signature=fbean6QXetDzZz0VyNfzPv35vYYJRpgKcaJpHW0PPzQ,,,70,,,,1,112,兴国西站,砖,37320,一级,1,南昌通信段,围墙、栅栏（含玻璃栏板、站台端头栏杆）,154,赣州西高铁综合工区,138,赣州西高铁房建车间,,,,,,
13.5,DK351+170挡土墙,61-4,,,,,,1.759135427947e+12,770,宋红根,,,,,,,,,,,,2025-09-29,,,,,京港高速线,,,1.760961388803e+12,770,宋红根,27659,,https://ncjnas.coolmitech.com:50443/123/37d173f22a75619e034a7904abfa271c?objectKey=nas/ncfjd/tlsbgl/2025/10/20/1760990186617_69135229.png&expireTime=1762412936026&signature=uwbYoxIiCznKbQ7iMgzQBZvcTW9iZTpvc6ebSDmekrb,,,70,,,,1,112,兴国西站,混凝土,37346,一级,1,南昌通信段,挡土墙,154,赣州西高铁综合工区,138,赣州西高铁房建车间,,,,,,
35.9,DK351+170直放站硬化面,61-8,,,,,,1.7591356207e+12,770,宋红根,,,,,,,,,,,,2025-09-29,,,,,京港高速线,,,1.760961591166e+12,770,宋红根,26872,,https://ncjnas.coolmitech.com:50443/123/f1035e8bd286e9c8249429222ac1c0e1?objectKey=nas/ncfjd/tlsbgl/2025/10/20/1760990386444_06270165.png&expireTime=1762412936028&signature=XKEcsj0YNXpDVQ4gjjkcCyWMe0R35bKGLgv9qoZrWNs,,,70,,,,1,112,兴国西站,混凝土,37348,一级,1,南昌通信段,道路、广场、地面硬化,154,赣州西高铁综合工区,138,赣州西高铁房建车间,,,,,,
16.8,D351+170直放站道路,61-6,,,,,,1.759135527807e+12,770,宋红根,,,,,,,,,,,,2025-09-29,,,,,京港高速线,,,1.760961442765e+12,770,宋红根,27660,,https://ncjnas.coolmitech.com:50443/123/323c891255f79d779c572b36f5782292?objectKey=nas/ncfjd/tlsbgl/2025/10/20/1760990241456_82990081.png&expireTime=1762412936030&signature=UGxhkVGnKOR2BxsUDCg1pTARmxA6WEAFKvAYesajK4z,,,70,,,,1,112,兴国西站,混凝土,37347,一级,1,南昌通信段,道路、广场、地面硬化,154,赣州西高铁综合工区,138,赣州西高铁房建车间,,,,,,
16,DK351+920区间基站+直放站排水沟,62-2,,,,,,1.759136032631e+12,770,宋红根,,,,,,,,,,,,2025-09-29,,,,,京港高速线,,,1.760961800691e+12,770,宋红根,27516,,https://ncjnas.coolmitech.com:50443/123/dad75757d554adc3fd8cdb47de21026f?objectKey=nas/ncfjd/tlsbgl/2025/10/20/1760990599374_44219425.png&expireTime=1762412936034&signature=BD3frUmz9PWL6aOGCvOhP5z1UDMUfIcpww3D1cesqAl,,,70,,,,1,112,兴国西站,混凝土,37350,一级,1,南昌通信段,排水沟（管）,154,赣州西高铁综合工区,138,赣州西高铁房建车间,,,,,,
44.622,DK351+920区间基站+直放站硬化面,62-8,,,,,,1.759136118136e+12,770,宋红根,,,,,,,,,,,,2025-09-29,,,,,京港高速线,,,1.760962029019e+12,770,宋红根,26873,,https://ncjnas.coolmitech.com:50443/123/d97cd6a367bc8aa75fc4a16dd09c7d22?objectKey=nas/ncfjd/tlsbgl/2025/10/20/1760990828190_09013548.png&expireTime=1762412936038&signature=2aWyxEyKDnRCBuWJniAO1FTZlkjeKGi4VV0bNKYFJyW,,,70,,,,1,112,兴国西站,混凝土,37351,二级,1,南昌通信段,道路、广场、地面硬化,154,赣州西高铁综合工区,138,赣州西高铁房建车间,,,,,,
49,DK352+284中继站19围墙,63-1,,,,,,1.759136186486e+12,770,宋红根,,,,,,,,,,,,2025-09-29,,,,,京港高速线,,,1.760962168999e+12,770,宋红根,27517,,https://ncjnas.coolmitech.com:50443/123/d2b4f35cac68fe77d14aedab6fee360a?objectKey=nas/ncfjd/tlsbgl/2025/10/20/1760990968077_21239463.png&expireTime=1762412936040&signature=HFsUmYCgYOmLVrbGLnwT3hQze9ClBFFEoAKbChfCKFO,,,70,,,,1,112,兴国西站,混凝土,37352,一级,1,南昌通信段,围墙、栅栏（含玻璃栏板、站台端头栏杆）,154,赣州西高铁综合工区,138,赣州西高铁房建车间,,,,,,
83.76,DK352+284中继站19硬化面,63-8,,,,,,1.759136357005e+12,770,宋红根,,,,,,,,,,,,2025-09-29,,,,,京港高速线,,,1.760962552468e+12,770,宋红根,26874,,https://ncjnas.coolmitech.com:50443/123/1a80f2be345a03f19d7a39ab9f458d25?objectKey=nas/ncfjd/tlsbgl/2025/10/20/1760991351602_56388581.png&expireTime=1762412936043&signature=crjXVejglwyqxTv8RQ1rg2EoJcdiTKo7iyIMq1osobC,,,70,,,,1,112,兴国西站,混凝土,37354,二级,1,南昌通信段,道路、广场、地面硬化,154,赣州西高铁综合工区,138,赣州西高铁房建车间,,,,,,
30,DK352+865直放站围墙,64-1,,,,,,1.759136426638e+12,770,宋红根,,,,,,,,,,,,2025-09-29,,,,,京港高速线,,,1.761007237459e+12,770,宋红根,27520,,https://ncjnas.coolmitech.com:50443/123/67924146990e1b5e88600c412c1fae45?objectKey=nas/ncfjd/tlsbgl/2025/10/21/1761036035962_05070831.png&expireTime=1762412936045&signature=fokzbV4wE4KWhQU3byIu7CvwxvjVsZS77di0ikPNnOM,,,70,,,,1,112,兴国西站,混凝土,37355,一级,1,南昌通信段,围墙、栅栏（含玻璃栏板、站台端头栏杆）,154,赣州西高铁综合工区,138,赣州西高铁房建车间,,,,,,
37.7,DK352+865直放站硬化面,64-8,,,,,,1.75913649254e+12,770,宋红根,,,,,,,,,,,,2025-09-29,,,,,京港高速线,,,1.761007342941e+12,770,宋红根,26875,,https://ncjnas.coolmitech.com:50443/123/61e454c5b3cfe51d66229a7af7883ba5?objectKey=nas/ncfjd/tlsbgl/2025/10/21/1761036141692_90748129.png&expireTime=1762412936046&signature=pj7mh4CJCxWeFvohLCFqVgsp00Is99mLkWMUl37BaSx,,,70,,,,1,112,兴国西站,混凝土,37356,一级,1,南昌通信段,道路、广场、地面硬化,154,赣州西高铁综合工区,138,赣州西高铁房建车间,,,,,,
30,DK354+627直放站围墙,65-1,,,,,,1.759136548948e+12,770,宋红根,,,,,,,,,,,,2025-09-29,,,,,京港高速线,,,1.76100749991e+12,770,宋红根,27521,,https://ncjnas.coolmitech.com:50443/123/e780ec61c9d00c6f8dedae1a28e66a90?objectKey=nas/ncfjd/tlsbgl/2025/10/21/1761036298949_98434305.png&expireTime=1762412936047&signature=aV4xFp8FT3FbzTVoXIYuw90F3R6KSNOltltCk0LaypU,,,70,,,,1,112,兴国西站,混凝土,37357,一级,1,南昌通信段,围墙、栅栏（含玻璃栏板、站台端头栏杆）,154,赣州西高铁综合工区,138,赣州西高铁房建车间,,,,,,
11.2,DK354+627直放站排水沟,65-2,,,,,,1.75913661043e+12,770,宋红根,,,,,,,,,,,,2025-09-29,,,,,京港高速线,,,1.76100762618e+12,770,宋红根,27661,,https://ncjnas.coolmitech.com:50443/123/16eb8568a4841ca34dbdd9965128935c?objectKey=nas/ncfjd/tlsbgl/2025/10/21/1761036425156_20899425.png&expireTime=1762412936048&signature=SmLb2NV1zv8uZWeWbK6xhilGaTWF6nFcXnRrC37QY5E,,,70,,,,1,112,兴国西站,混凝土,37358,一级,1,南昌通信段,排水沟（管）,154,赣州西高铁综合工区,138,赣州西高铁房建车间,,,,,,
39.7,DK354+627直放站硬化面,65-8,,,,,,1.759136685923e+12,770,宋红根,,,,,,,,,,,,2025-09-29,,,,,京港高速线,,,1.761007787291e+12,770,宋红根,26876,,https://ncjnas.coolmitech.com:50443/123/f4f0583e0e8ab6870763e0f1faced2e5?objectKey=nas/ncfjd/tlsbgl/2025/10/21/1761036580565_36257561.png&expireTime=1762412936050&signature=TXS4sRCMJ0P7uDSGuwZSH8NvIRzBQaSN9dqXAbtRDH9,,,70,,,,1,112,兴国西站,混凝土,37359,二级,1,南昌通信段,道路、广场、地面硬化,154,赣州西高铁综合工区,138,赣州西高铁房建车间,,,,,,
64,DK354+985区间基站+直放站护坡,66-3,,,,,,1.759136832706e+12,770,宋红根,,,,,,,,,,,,2025-09-29,,,,,京港高速线,,,1.761008136556e+12,770,宋红根,27662,,https://ncjnas.coolmitech.com:50443/123/8f301af2ddb2417b31194102c4d49b26?objectKey=nas/ncfjd/tlsbgl/2025/10/21/1761036928468_68821683.png&expireTime=1762412936051&signature=WB6OPsiU8x8acocPxqn7J2gHndVCjKeu1hkfl7ZHLNi,,,70,,,,1,112,兴国西站,混凝土,37361,一级,1,南昌通信段,挡墙护坡,154,赣州西高铁综合工区,138,赣州西高铁房建车间,,,,,,
50.222,DK354+985区间基站+直放站硬化面,66-8,,,,,,1.759136908486e+12,770,宋红根,,,,,,,,,,,,2025-09-29,,,,,京港高速线,,,1.761008231644e+12,770,宋红根,26877,,https://ncjnas.coolmitech.com:50443/123/35b8fef7b86d425e0bfefc876c12a2bf?objectKey=nas/ncfjd/tlsbgl/2025/10/21/1761037030646_57183423.png&expireTime=1762412936052&signature=T9ajYrpN6C7FiqM2XRX2Dy9JejrBEfg7L696sqdpzAv,,,70,,,,1,112,兴国西站,混凝土,37362,二级,1,南昌通信段,道路、广场、地面硬化,154,赣州西高铁综合工区,138,赣州西高铁房建车间,,,,,,
30,DK335+776直放站围墙,67-1,,,,,,1.759136983484e+12,770,宋红根,,,,,,,,,,,,2025-09-29,,,,,京港高速线,,,1.761008364355e+12,770,宋红根,27524,,https://ncjnas.coolmitech.com:50443/123/ee53f282a44d7c7898c0f0131e2a45d3?objectKey=nas/ncfjd/tlsbgl/2025/10/21/1761037163109_11930705.png&expireTime=1762412936053&signature=6COp7SH4yvNy7ZsMeYE2xyiMDVud2NMtoRCpJ68gLXX,,,70,,,,1,112,兴国西站,混凝土,37363,一级,1,南昌通信段,围墙、栅栏（含玻璃栏板、站台端头栏杆）,154,赣州西高铁综合工区,138,赣州西高铁房建车间,,,,,,
12,DK355+776直放站排水沟,67-2,,,,,,1.75913704661e+12,770,宋红根,,,,,,,,,,,,2025-09-29,,,,,京港高速线,,,1.761008415836e+12,770,宋红根,27663,,https://ncjnas.coolmitech.com:50443/123/1c229c95ebca696bd2d353ddfe39fe72?objectKey=nas/ncfjd/tlsbgl/2025/10/21/1761037214541_18514837.png&expireTime=1762412936055&signature=o8KdkieACvC1IzHnFOAu46Eglhcy4JT0ILZbnDWzfDT,,,70,,,,1,112,兴国西站,混凝土,37364,一级,1,南昌通信段,排水沟（管）,154,赣州西高铁综合工区,138,赣州西高铁房建车间,,,,,,
5.6,DK356+354直放站排水沟,68-2,,,,,,1.759137361676e+12,770,宋红根,,,,,,,,,,,,2025-09-29,,,,,京港高速线,,,1.761008602333e+12,770,宋红根,27665,,https://ncjnas.coolmitech.com:50443/123/28e66ef3c16dec244f305d2b8673fc48?objectKey=nas/ncfjd/tlsbgl/2025/10/21/1761037400981_90018500.png&expireTime=1762412936056&signature=fn7fWeFzDY9EIFnGTgGjP05HgRHBI7tJHdV9F8kAwRo,,,70,,,,1,112,兴国西站,混凝土,37368,一级,1,南昌通信段,排水沟（管）,154,赣州西高铁综合工区,138,赣州西高铁房建车间,,,,,,
25.5,DK356+354直放站挡土墙,68-4,,,,,,1.75913743946e+12,770,宋红根,,,,,,,,,,,,2025-09-29,,,,,京港高速线,,,1.761008666134e+12,770,宋红根,27666,,https://ncjnas.coolmitech.com:50443/123/9cb9b270a24c9752eb49e774efbf018e?objectKey=nas/ncfjd/tlsbgl/2025/10/21/1761037465335_14661843.png&expireTime=1762412936058&signature=EGNAhwAcvDRIYQZCmnaxhFoYjmiZZiTZU4XGeL2rLCz,,,70,,,,1,112,兴国西站,混凝土,37369,一级,1,南昌通信段,挡土墙,154,赣州西高铁综合工区,138,赣州西高铁房建车间,,,,,,
36.9,DK356+354直放站硬化面,68-8,,,,,,1.759137494749e+12,770,宋红根,,,,,,,,,,,,2025-09-29,,,,,京港高速线,,,1.761008770076e+12,770,宋红根,26879,,https://ncjnas.coolmitech.com:50443/123/61b9b8f935a858a5f190a8291917b522?objectKey=nas/ncfjd/tlsbgl/2025/10/21/1761037568513_77255694.png&expireTime=1762412936064&signature=p3l6C6Toeum8fmRcyP4s6cllxaDzpWujpMyONeXKPux,,,70,,,,1,112,兴国西站,混凝土,37370,一级,1,南昌通信段,道路、广场、地面硬化,154,赣州西高铁综合工区,138,赣州西高铁房建车间,,,,,,
10.4,DK357+111直放站排水沟,69-2,,,,,,1.759149453955e+12,770,宋红根,,,,,,,,,,,,2025-09-29,,,,,京港高速线,,,1.761008825992e+12,770,宋红根,27667,,https://ncjnas.coolmitech.com:50443/123/6ed872f324b76b77a54bbb88c1d75f68?objectKey=nas/ncfjd/tlsbgl/2025/10/21/1761037622666_80395781.png&expireTime=1762412936066&signature=xbKN32yOfOQAcegMjWqOmUfwLp1nIameanKFRrVsAqG,,,70,,,,1,112,兴国西站,混凝土,37372,一级,1,南昌通信段,排水沟（管）,154,赣州西高铁综合工区,138,赣州西高铁房建车间,,,,,,
34.3,DK357+111直放站硬化面,69-8,,,,,,1.759149552936e+12,770,宋红根,,,,,,,,,,,,2025-09-29,,,,,京港高速线,,,1.761008899573e+12,770,宋红根,26880,,https://ncjnas.coolmitech.com:50443/123/f3b13c131d9aab99cb396916ead7c0ad?objectKey=nas/ncfjd/tlsbgl/2025/10/21/1761037698264_90693200.png&expireTime=1762412936067&signature=CXd006QFdsbSES5yEKQKW9fenMBRThS6zClAW6fCLS1,,,70,,,,1,112,兴国西站,混凝土,37373,二级,1,南昌通信段,道路、广场、地面硬化,154,赣州西高铁综合工区,138,赣州西高铁房建车间,,,,,,
69.5,DK357+650月坪AT所围墙,70-1,,,,,,1.75914976251e+12,770,宋红根,,,,,,,,,,,,2025-09-29,,,,,京港高速线,,,1.761008960438e+12,770,宋红根,27527,,https://ncjnas.coolmitech.com:50443/123/b3e8b5ffe58e1fcd1a041c2f8c455f5c?objectKey=nas/ncfjd/tlsbgl/2025/10/21/1761037756638_12690234.png&expireTime=1762412936068&signature=RRzL27BEantKHdi1EHA12vDgYW365Iu775lkSUNiNhy,,,70,,,,1,112,兴国西站,混凝土,37374,一级,1,赣州工务段,围墙、栅栏（含玻璃栏板、站台端头栏杆）,154,赣州西高铁综合工区,138,赣州西高铁房建车间,,,,,,
185,2站台侧面栏杆,站-21,,,,,,1.759116656649e+12,770,宋红根,,,,,,,,,,,,2025-09-29,,,,,京港高速线,,,1.760665500839e+12,770,宋红根,27304,,https://ncjnas.coolmitech.com:50443/123/1b8db9373a7661d511d02d7511ca7205?objectKey=nas/ncfjd/tlsbgl/2025/10/17/1760701855117_69964031.png&expireTime=1762412936069&signature=HJcGkQGvIQERZLBjro4VxWRPS6g8ReGj1kC5dYafjhN,,,70,,,,1,112,兴国西站,不锈钢,37215,一级,1,赣州车务段,围墙、栅栏（含玻璃栏板、站台端头栏杆）,154,赣州西高铁综合工区,138,赣州西高铁房建车间,,,,,,
5.6,DK358+367区间基站护坡排水沟,71-7,,,,,,1.759150953146e+12,770,宋红根,,,,,,,,,,,,2025-09-29,,,,,京港高速线,,,1.761009168008e+12,770,宋红根,27669,,https://ncjnas.coolmitech.com:50443/123/190eec1e63c15eb8a1a6819c21d38eb0?objectKey=nas/ncfjd/tlsbgl/2025/10/21/1761037966782_36589749.png&expireTime=1762412935351&signature=Uz4f2s9Zg8AMa0BIBUn3tzrYslI0VsW3QVJ1yRwg83C,,,70,,,,1,112,兴国西站,混凝土,37378,一级,1,南昌通信段,室外排水沟（管）,154,赣州西高铁综合工区,138,赣州西高铁房建车间,,,,,,
298.1,1-2站台玻璃幕墙,站14,,,,,,1.759151481037e+12,770,宋红根,,,,,,,,,,,,2025-09-29,,,,,京港高速线,,,1.761009336464e+12,770,宋红根,26974,,https://ncjnas.coolmitech.com:50443/123/adf1634f21102d501ae1b5691092bfec?objectKey=nas/ncfjd/tlsbgl/2025/10/21/1761038134887_36796191.png&expireTime=1762412935353&signature=ASX2N56s1HFXYfNJBfIlzgRyuURW7BsrFc2LKKluhCB,,,70,,,,1,394,赣县北站,无,37382,一级,1,赣州车务段,垂直电梯玻璃罩,154,赣州西高铁综合工区,138,赣州西高铁房建车间,,,,,,
844,赣县北站旅客地道,站5,,,,,,1.759151247109e+12,770,宋红根,,,,,,,,,,,,2025-09-29,,,,,京港高速线,,,1.761009229255e+12,770,宋红根,26283,,https://ncjnas.coolmitech.com:50443/123/7e16ae89ac8ca5e1e8f1c6015b169433?objectKey=nas/ncfjd/tlsbgl/2025/10/21/1761038028094_53881888.png&expireTime=1762412935354&signature=YuqhB9u28JwWaPLBh6akofxBjq63Q6B1Hq0XOU2RAGW,,,70,,,,1,394,赣县北站,钢筋混凝土,37380,一级,1,赣州车务段,旅客地道及附属楼梯,154,赣州西高铁综合工区,138,赣州西高铁房建车间,,,,,,
89.28,1-2站台垂直电梯玻璃罩,站15,,,,,,1.759151566561e+12,770,宋红根,,,,,,,,,,,,2025-09-29,,,,,京港高速线,,,1.761009437138e+12,770,宋红根,26975,,https://ncjnas.coolmitech.com:50443/123/2273a670c42bf0747db981282061611a?objectKey=nas/ncfjd/tlsbgl/2025/10/21/1761038236051_35737174.png&expireTime=1762412935355&signature=G4mhKVwZ7Se5JB7DIbNdGX0Wu0wpQfpf0ctK0J4g3RN,,,70,,,,1,394,赣县北站,无,37383,一级,1,赣州车务段,垂直电梯玻璃罩,154,赣州西高铁综合工区,138,赣州西高铁房建车间,,,,,,
26,1-2站台端头栏杆,站16,,,,,,1.759151674792e+12,770,宋红根,,,,,,,,,,,,2025-09-29,,,,,京港高速线,,,1.761009484437e+12,770,宋红根,27296,,https://ncjnas.coolmitech.com:50443/123/cab3672ff009e1b5fbb20fd049cf79da?objectKey=nas/ncfjd/tlsbgl/2025/10/21/1761038283468_21133979.png&expireTime=1762412935357&signature=O0KeeYV2dlHyIJ9Fj9AEvDTNODcbH8JpMDpljoGPz4M,,,70,,,,1,394,赣县北站,不锈钢,37384,一级,1,赣州车务段,围墙、栅栏（含玻璃栏板、站台端头栏杆）,154,赣州西高铁综合工区,138,赣州西高铁房建车间,,,,,,
221.4,1-2站台进出站斜踏步,站17,,,,,,1.75915176666e+12,770,宋红根,,,,,,,,,,,,2025-09-29,,,,,京港高速线,,,1.761009572364e+12,770,宋红根,26977,,https://ncjnas.coolmitech.com:50443/123/0e0bfa5687d4ca83dd36039c1e4f81ce?objectKey=nas/ncfjd/tlsbgl/2025/10/21/1761038371373_76290878.png&expireTime=1762412935359&signature=TiUY1XMxHqMwFdp0NhIQdCumFYMD56W6vkMeaJSN43,,,70,,,,1,394,赣县北站,混凝土,37385,一级,1,赣州车务段,旅客地道及附属楼梯,154,赣州西高铁综合工区,138,赣州西高铁房建车间,,,,,,
864,消防通道,站20,,,,,,1.759152020699e+12,770,宋红根,,,,,,,,,,,,2025-09-29,,,,,京港高速线,,,1.761009692626e+12,770,宋红根,26980,,https://ncjnas.coolmitech.com:50443/123/90bd185e273e926587a1a2e573ca3e3f?objectKey=nas/ncfjd/tlsbgl/2025/10/21/1761038491714_27453801.png&expireTime=1762412935360&signature=NGsgp9NdTqYXd5BD0bFEzsQrlynrWlAkMpM9GtTbay3,,,70,,,,1,394,赣县北站,混凝土,37388,一级,1,赣州车务段,行包通道,154,赣州西高铁综合工区,138,赣州西高铁房建车间,,,,,,
90.6,1-2站台下地道斜踏步栏杆,站18,,,,,,1.759151882634e+12,770,宋红根,,,,,,,,,,,,2025-09-29,,,,,京港高速线,,,1.761009625308e+12,770,宋红根,27297,,https://ncjnas.coolmitech.com:50443/123/4e04cca75f34f314c0877075d06d035d?objectKey=nas/ncfjd/tlsbgl/2025/10/21/1761038424261_98828277.png&expireTime=1762412935362&signature=2uzkp0A5OZGIgZBQZJ1o9dxaLF5qCBZlhy9harY5PUV,,,70,,,,1,394,赣县北站,不锈钢,37386,一级,1,赣州车务段,围墙、栅栏（含玻璃栏板、站台端头栏杆）,154,赣州西高铁综合工区,138,赣州西高铁房建车间,,,,,,
215.5,1站台侧面栏杆,站21,,,,,,1.759152125023e+12,770,宋红根,,,,,,,,,,,,2025-09-29,,,,,京港高速线,,,1.761009745163e+12,770,宋红根,27298,,https://ncjnas.coolmitech.com:50443/123/21adc0717a4da33df3d441132fadbe91?objectKey=nas/ncfjd/tlsbgl/2025/10/21/1761038544136_19010466.png&expireTime=1762412935364&signature=W4MZJi1xvLUeQxjTfvM7p7ImvDrnQrn3KAcVyXMsns9,,,70,,,,1,394,赣县北站,不锈钢,37389,一级,1,赣州车务段,围墙、栅栏（含玻璃栏板、站台端头栏杆）,154,赣州西高铁综合工区,138,赣州西高铁房建车间,,,,,,
273.4,站区排污管路,站23,,,,,,1.759152541076e+12,770,宋红根,,,,,,,,,,,,2025-09-29,,,,,京港高速线,,,1.761009858955e+12,770,宋红根,27359,,https://ncjnas.coolmitech.com:50443/123/ce325e9e27e356c0d1368775e2147c2d?objectKey=nas/ncfjd/tlsbgl/2025/10/21/1761038658046_86805177.png&expireTime=1762412935365&signature=GqBQUPwaB0SOOi4zFR3Zp42uEuLKavs2JGsuX1agdmS,,,70,,,,1,394,赣县北站,钢,37391,二级,1,南昌房建公寓段,室外排水管道（管径300以上）,154,赣州西高铁综合工区,138,赣州西高铁房建车间,,,,,,
192,1、2站台雨水井及管路,站24,,,,,,1.759152627662e+12,770,宋红根,,,,,,,,,,,,2025-09-29,,,,,京港高速线,,,1.761009927323e+12,770,宋红根,27361,,https://ncjnas.coolmitech.com:50443/123/1e2be2b10890e01034d8f9bfd161819b?objectKey=nas/ncfjd/tlsbgl/2025/10/21/1761038726176_95853254.png&expireTime=1762412935367&signature=FcJRhqh85xufqMf5562jQr5nLxUqMjsMXx9QtPk2F3v,,,70,,,,1,394,赣县北站,混凝土,37392,一级,1,南昌房建公寓段,室外排水管道（管径300以上）,154,赣州西高铁综合工区,138,赣州西高铁房建车间,,,,,,
98.8,信号楼硬化面,公-2,,,,,,1.759152823773e+12,770,宋红根,,,,,,,,,,,,2025-09-29,,,,,京港高速线,,,1.761010071302e+12,770,宋红根,26982,,https://ncjnas.coolmitech.com:50443/123/da82c4a7da75b3db15e9e637061032df?objectKey=nas/ncfjd/tlsbgl/2025/10/21/1761038870263_30636703.png&expireTime=1762412935368&signature=iQpTcX4AklMKFlVbv5208kn0s4496nbjREzE4OuSzZs,,,70,,,,1,394,赣县北站,混凝土,37394,一级,1,赣州工务段,道路、广场、地面硬化,154,赣州西高铁综合工区,138,赣州西高铁房建车间,,,,,,
90,信号楼围墙,公-1,,,,,,1.759152705689e+12,770,宋红根,,,,,,,,,,,,2025-09-29,,,,,京港高速线,,,1.761010010142e+12,770,宋红根,26981,,https://ncjnas.coolmitech.com:50443/123/639a34665fb8fe7c70cb629376bc2552?objectKey=nas/ncfjd/tlsbgl/2025/10/21/1761038809194_35123818.png&expireTime=1762412935369&signature=lx64WtqC1kr3JdgvyjrR05tyxMpOtboSvQPT4Cvnw4a,,,70,,,,1,394,赣县北站,砖,37393,二级,1,赣州车务段,围墙、栅栏（含玻璃栏板、站台端头栏杆）,154,赣州西高铁综合工区,138,赣州西高铁房建车间,,,,,,
53.4,污水处理站硬化面,公-8,,,,,,1.759153340833e+12,770,宋红根,,,,,,,,,,,,2025-09-29,,,,,京港高速线,,,1.761010241927e+12,770,宋红根,27102,,https://ncjnas.coolmitech.com:50443/123/89f1b12962fb65a3127784aef9b7483f?objectKey=nas/ncfjd/tlsbgl/2025/10/21/1761039038604_76219458.png&expireTime=1762412935371&signature=m3qV0cmfEbX31h9WidEuVYc7O2vbTXD81LUDAuNHrc8,,,70,,,,1,394,赣县北站,混凝土,37399,二级,1,赣州工务段,道路、广场、地面硬化,154,赣州西高铁综合工区,138,赣州西高铁房建车间,,,,,,
55,加压站围墙,公-10,,,,,,1.759153411553e+12,770,宋红根,,,,,,,,,,,,2025-09-29,,,,,京港高速线,,,1.761010328071e+12,770,宋红根,27103,,https://ncjnas.coolmitech.com:50443/123/11a757a04bfe6a1917dd03c580f91c75?objectKey=nas/ncfjd/tlsbgl/2025/10/21/1761039125595_30491267.png&expireTime=1762412935372&signature=10YzKv8hJUqgcAudqH5aw79rLn9jjb045SIhxUg1dIe,,,70,,,,1,394,赣县北站,砖,37400,一级,1,赣州车务段,围墙、栅栏（含玻璃栏板、站台端头栏杆）,154,赣州西高铁综合工区,138,赣州西高铁房建车间,,,,,,
46.6,加压站硬化面,公-11,,,,,,1.759153494464e+12,770,宋红根,,,,,,,,,,,,2025-09-29,,,,,京港高速线,,,1.761010394855e+12,770,宋红根,27104,,https://ncjnas.coolmitech.com:50443/123/369f9e0d3e60923a8d0aac0ffbf234ac?objectKey=nas/ncfjd/tlsbgl/2025/10/21/1761039193832_52197023.png&expireTime=1762412935373&signature=Bl3Je7nQopH7z3KNAKBvfOeafZ3NEqFWs1pgJUerPL9,,,70,,,,1,394,赣县北站,混凝土,37401,一级,1,赣州车务段,道路、广场、地面硬化,154,赣州西高铁综合工区,138,赣州西高铁房建车间,,,,,,
211.2,单身宿舍至污水处理站道路,公-13,,,,,,1.759153596334e+12,770,宋红根,,,,,,,,,,,,2025-09-29,,,,,京港高速线,,,1.761010448172e+12,770,宋红根,27367,,https://ncjnas.coolmitech.com:50443/123/3c87ac2b6915834c58dafad4518a8c85?objectKey=nas/ncfjd/tlsbgl/2025/10/21/1761039246884_75116034.png&expireTime=1762412935375&signature=lsuLGYiuCJMJpObvHk4YtBntN64R3D3pVgAgTBMgejk,,,70,,,,1,394,赣县北站,混凝土,37402,一级,1,南昌房建公寓段,道路、广场、地面硬化,154,赣州西高铁综合工区,138,赣州西高铁房建车间,,,,,,
115,单身宿舍围墙,公-14,,,,,,1.759154006393e+12,770,宋红根,,,,,,,,,,,,2025-09-29,,,,,京港高速线,,,1.761010571916e+12,770,宋红根,27105,,https://ncjnas.coolmitech.com:50443/123/4f2feb16043739d5806718ea48c24558?objectKey=nas/ncfjd/tlsbgl/2025/10/21/1761039369717_89619665.png&expireTime=1762412935376&signature=d6X6XTmf0JZ059C9Bgvz0V4O4YZJWeaVfvh0bWu0tm5,,,70,,,,1,394,赣县北站,砖,37403,二级,1,赣州车务段,围墙、栅栏（含玻璃栏板、站台端头栏杆）,154,赣州西高铁综合工区,138,赣州西高铁房建车间,,,,,,
132.8,单身宿舍硬化面,公-16,,,,,,1.759154176678e+12,770,宋红根,,,,,,,,,,,,2025-09-29,,,,,京港高速线,,,1.761010661202e+12,770,宋红根,27212,,https://ncjnas.coolmitech.com:50443/123/bcecd0751b62bc3b620179338400e066?objectKey=nas/ncfjd/tlsbgl/2025/10/21/1761039452061_63661566.png&expireTime=1762412935378&signature=RVO3uKNOsBPsFVNLinJRcf22QJGq23S9MBBjLjS9F61,,,70,,,,1,394,赣县北站,混凝土,37405,一级,1,赣州车务段,道路、广场、地面硬化,154,赣州西高铁综合工区,138,赣州西高铁房建车间,,,,,,
8.7,单身宿舍晾衣棚,公-17,,,,,,1.759154291575e+12,770,宋红根,,,,,,,,,,,,2025-09-29,,,,,京港高速线,,,1.761010755289e+12,770,宋红根,27213,,https://ncjnas.coolmitech.com:50443/123/8c17ab5728a2d56009d2b20ba5c8951f?objectKey=nas/ncfjd/tlsbgl/2025/10/21/1761039548436_46720728.png&expireTime=1762412935379&signature=Wr3wvJoaB7TTcmghSwDdMyVFWtRnwzasl7JdO3AQDSg,,,70,,,,1,394,赣县北站,钢,37406,一级,1,赣州车务段,道路、广场、地面硬化,154,赣州西高铁综合工区,138,赣州西高铁房建车间,,,,,,
82.704,单身宿舍道路,公-20,,,,,,1.759154572762e+12,770,宋红根,,,,,,,,,,,,2025-09-29,,,,,京港高速线,,,1.761010948472e+12,770,宋红根,26594,,https://ncjnas.coolmitech.com:50443/123/b5d0ff3261a53493cd0b2696698815c7?objectKey=nas/ncfjd/tlsbgl/2025/10/21/1761039747306_71682634.png&expireTime=1762412935380&signature=1IZdmm4WWKimjzGTt5lNY5Hnb4iGhgG5h7W5SLvDddN,,,70,,,,1,394,赣县北站,混凝土,37409,一级,1,赣州工务段,道路、广场、地面硬化,154,赣州西高铁综合工区,138,赣州西高铁房建车间,,,,,,
339,维修工区围墙,公-28,,,,,,1.759154646683e+12,770,宋红根,,,,,,,,,,,,2025-09-29,,,,,京港高速线,,,1.761011020536e+12,770,宋红根,27216,,https://ncjnas.coolmitech.com:50443/123/e6891504db44c15ada42dbb0b98d2504?objectKey=nas/ncfjd/tlsbgl/2025/10/21/1761039818512_78378617.png&expireTime=1762412935382&signature=akgs5zlDaaaq6mS9afckcQRznlfwfvRO97AlPVnrRag,,,70,,,,1,394,赣县北站,砖,37410,一级,1,赣州工务段,围墙、栅栏（含玻璃栏板、站台端头栏杆）,154,赣州西高铁综合工区,138,赣州西高铁房建车间,,,,,,
108.8,维修工区篮球场,公-30,,,,,,1.759154818178e+12,770,宋红根,,,,,,,,,,,,2025-09-29,,,,,京港高速线,,,1.761011087028e+12,770,宋红根,27218,,https://ncjnas.coolmitech.com:50443/123/aab4b63fdcabc09c4611ce76670bf9e6?objectKey=nas/ncfjd/tlsbgl/2025/10/21/1761039885956_22749407.png&expireTime=1762412935384&signature=puKu3MKoHJFp8aWPJWWt7HAaM9zTGkiJM7cHET6uff9,,,70,,,,1,394,赣县北站,混凝土,37412,一级,1,赣州工务段,室外篮球场,154,赣州西高铁综合工区,138,赣州西高铁房建车间,,,,,,
46.25,维修工区晾衣棚,公-31,,,,,,1.759155012071e+12,770,宋红根,,,,,,,,,,,,2025-09-29,,,,,京港高速线,,,1.761011140717e+12,770,宋红根,27219,,https://ncjnas.coolmitech.com:50443/123/d3084693ca984c7ed6fecae430e07bfe?objectKey=nas/ncfjd/tlsbgl/2025/10/21/1761039939261_82434794.png&expireTime=1762412935385&signature=6kk6rZlfu7cyZH8Tj9YMljjwOBaakZ4qxEyE6QgBxs3,,,70,,,,1,394,赣县北站,钢,37413,一级,1,赣州工务段,道路、广场、地面硬化,154,赣州西高铁综合工区,138,赣州西高铁房建车间,,,,,,
21.7,维修工区停车场,公-32,,,,,,1.759155088588e+12,770,宋红根,,,,,,,,,,,,2025-09-29,,,,,京港高速线,,,1.761011226229e+12,770,宋红根,27220,,https://ncjnas.coolmitech.com:50443/123/53fbf4562e2e816dab29b3b4627e3e6f?objectKey=nas/ncfjd/tlsbgl/2025/10/21/1761040021425_66991998.png&expireTime=1762412935386&signature=e7bl1NmwabJyfcEmVhXPxpP3upt48db4bjiVgpNUcLi,,,70,,,,1,394,赣县北站,混凝土,37414,一级,1,赣州工务段,道路、广场、地面硬化,154,赣州西高铁综合工区,138,赣州西高铁房建车间,,,,,,
8.32,维修工区停车棚,公-33,,,,,,1.759155166322e+12,770,宋红根,,,,,,,,,,,,2025-09-29,,,,,京港高速线,,,1.761011290882e+12,770,宋红根,27221,,https://ncjnas.coolmitech.com:50443/123/c3221c55fa5e2a8eef012f42aec761c1?objectKey=nas/ncfjd/tlsbgl/2025/10/21/1761040089758_70034226.png&expireTime=1762412935388&signature=eyi3DwLs6gyzwCjgomCmNhF2KVE1HUzGOumwFO79RKg,,,70,,,,1,394,赣县北站,钢,37415,二级,1,赣州工务段,道路、广场、地面硬化,154,赣州西高铁综合工区,138,赣州西高铁房建车间,,,,,,
81.6,进出维修工区道路,公-34,,,,,,1.759155290629e+12,770,宋红根,,,,,,,,,,,,2025-09-29,,,,,京港高速线,,,1.761011370508e+12,770,宋红根,27368,,https://ncjnas.coolmitech.com:50443/123/2a768e63aeafc1ea93e4552cfa1ae63c?objectKey=nas/ncfjd/tlsbgl/2025/10/21/1761040169563_52041008.png&expireTime=1762412935389&signature=46olHyb6B71xAFiGiBWhV7tYynLkeJvcQYCLMfWWWmh,,,70,,,,1,394,赣县北站,混凝土,37416,一级,1,南昌房建公寓段,道路、广场、地面硬化,154,赣州西高铁综合工区,138,赣州西高铁房建车间,,,,,,
67.2,DK362+441区间基站+直放站硬化面,22-8,,,,,,1.759156037713e+12,770,宋红根,,,,,,,,,,,,2025-09-29,,,,,京港高速线,,,1.761011860384e+12,770,宋红根,27675,,https://ncjnas.coolmitech.com:50443/123/4e8b02bedc51c2209c36aae0583863d9?objectKey=nas/ncfjd/tlsbgl/2025/10/21/1761040659421_34043267.png&expireTime=1762412935390&signature=NrmeD1WNK6gblUzxFCBYwxOqPnGHj6DaAilUcZHWymt,,,70,,,,1,394,赣县北站,混凝土,37423,二级,1,南昌通信段,道路、广场、地面硬化,154,赣州西高铁综合工区,138,赣州西高铁房建车间,,,,,,
84.448,DK367+015区间基站+直放站硬化面,23-8,,,,,,1.75915626406e+12,770,宋红根,,,,,,,,,,,,2025-09-29,,,,,京港高速线,,,1.761012012225e+12,770,宋红根,26810,,https://ncjnas.coolmitech.com:50443/123/bd758d6dbee52bd5df73b0a27480e6d1?objectKey=nas/ncfjd/tlsbgl/2025/10/21/1761040811200_38837365.png&expireTime=1762412935391&signature=XKuylaMcVdVembfnyQaJyqcTZmML0rPTbP7CI9GIbYs,,,70,,,,1,394,赣县北站,混凝土,37425,二级,1,南昌通信段,道路、广场、地面硬化,154,赣州西高铁综合工区,138,赣州西高铁房建车间,,,,,,
49,DK367+040中继站20围墙,24-1,,,,,,1.759156405668e+12,770,宋红根,,,,,,,,,,,,2025-09-29,,,,,京港高速线,,,1.761012129169e+12,770,宋红根,26536,,https://ncjnas.coolmitech.com:50443/123/d7259709b08eb7374c0edf56788133af?objectKey=nas/ncfjd/tlsbgl/2025/10/21/1761040928224_12261751.png&expireTime=1762412935393&signature=I1HP5FWUyUcHWvx8kEDi1MFMRX14L6RqFiSu13C6NU4,,,70,,,,1,394,赣县北站,砖,37426,一级,1,赣州工务段,围墙、栅栏（含玻璃栏板、站台端头栏杆）,154,赣州西高铁综合工区,138,赣州西高铁房建车间,,,,,,
63.8,DK367+040中继站20硬化面,24-8,,,,,,1.759156554034e+12,770,宋红根,,,,,,,,,,,,2025-09-29,,,,,京港高速线,,,1.761012190026e+12,770,宋红根,26811,,https://ncjnas.coolmitech.com:50443/123/8cb41ed29838df6ef05f8f4a9a899e98?objectKey=nas/ncfjd/tlsbgl/2025/10/21/1761040988248_56500214.png&expireTime=1762412935394&signature=Covie8iubQ8tjoqZvGXec0kPZwXlmIJ9SWtyfopibpr,,,70,,,,1,394,赣县北站,混凝土,37427,一级,1,赣州工务段,道路、广场、地面硬化,154,赣州西高铁综合工区,138,赣州西高铁房建车间,,,,,,
164,DK369+630劳田警务区硬化面,25-8,,,,,,1.759156977607e+12,770,宋红根,,,,,,,,,,,,2025-09-29,,,,,京港高速线,,,1.761012263901e+12,770,宋红根,26812,,https://ncjnas.coolmitech.com:50443/123/f66fb3d15e50968428acb4cf39b22b01?objectKey=nas/ncfjd/tlsbgl/2025/10/21/1761041062650_62429340.png&expireTime=1762412935395&signature=Ip8ZqYmhuHmUZkTcRoTr0yqsf3Sm2sx2A1PHXKPRB6a,,,70,,,,1,394,赣县北站,混凝土,37430,一级,1,赣州公安处,道路、广场、地面硬化,154,赣州西高铁综合工区,138,赣州西高铁房建车间,,,,,,
23.048,DK370+694区间基站+直放站硬化面,26-8,,,,,,1.759196518215e+12,770,宋红根,,,,,,,,,,,,2025-09-30,,,,,京港高速线,,,1.761012346742e+12,770,宋红根,26813,,https://ncjnas.coolmitech.com:50443/123/3528eca6ad75343158b51540704811f9?objectKey=nas/ncfjd/tlsbgl/2025/10/21/1761041145792_12238045.png&expireTime=1762412935397&signature=mxBCCEu0Ysu70alo8uDZoVdbszVtIpQYG8hBYWLnrbO,,,70,,,,1,394,赣县北站,混凝土,37434,一级,1,南昌通信段,道路、广场、地面硬化,154,赣州西高铁综合工区,138,赣州西高铁房建车间,,,,,,
40.5,DK384+818区间基站+直放站围墙,41-1,,,,,,1.759202564267e+12,770,宋红根,,,,,,,,,,,,2025-09-30,,,,,京港高速线,,,1.761012483522e+12,770,宋红根,26556,,https://ncjnas.coolmitech.com:50443/123/12e0147d4a78325f263c627184c19d7e?objectKey=nas/ncfjd/tlsbgl/2025/10/21/1761041282382_96536087.png&expireTime=1762412935398&signature=mQWBgWDZ1hWYn7qZFcZ6cUjydWEhEU8bTjcGBkyYjbM,,,70,,,,1,394,赣县北站,砖,37462,一级,1,南昌通信段,围墙、栅栏（含玻璃栏板、站台端头栏杆）,154,赣州西高铁综合工区,138,赣州西高铁房建车间,,,,,,
89.822,DK358+367区间基站硬化面,71-8,,,,,,1.759151021897e+12,770,宋红根,,,,,,,,,,,,2025-09-29,,,,,京港高速线,,,1.76120840109e+12,770,宋红根,26882,,https://ncjnas.coolmitech.com:50443/123/38e1dc1d2289c0dec28614b391f1bae9?objectKey=nas/ncfjd/tlsbgl/2025/10/23/1761237199013_20226652.png&expireTime=1762412935400&signature=yXKV3D99KS0yslJDYUxlU53iDhWhbMzW0lk7O6QI2U0,,,70,,,,1,112,兴国西站,混凝土,37379,一级,1,南昌通信段,道路、广场、地面硬化,154,赣州西高铁综合工区,138,赣州西高铁房建车间,,,,,,
4092,落客平台,站19,,,,,,1.759151957241e+12,770,宋红根,,,,,,,,,,,,2025-09-29,,,,,京港高速线,,,1.76101255603e+12,770,宋红根,26979,,https://ncjnas.coolmitech.com:50443/123/d1f251aab14e266830885a4cbac12843?objectKey=nas/ncfjd/tlsbgl/2025/10/21/1761041354812_24907664.png&expireTime=1762412935401&signature=djvsQ2jn8Y7gBizl5GsFd7OhEWKsz3ORIActTvCaXFx,,,70,,,,1,394,赣县北站,混凝土,37387,一级,1,赣州车务段,落客平台,154,赣州西高铁综合工区,138,赣州西高铁房建车间,,,,,,
86,DK369+630劳田警务区挡土墙,25-4,,,,,,1.759156878391e+12,770,宋红根,,,,,,,,,,,,2025-09-29,,,,,京港高速线,,,1.761533577881e+12,770,宋红根,27676,,https://ncjnas.coolmitech.com:50443/123/1db395a8248b91caae3309e30cc18e34?objectKey=nas/ncfjd/tlsbgl/2025/10/27/1761562376718_65974318.png&expireTime=1762412935402&signature=9cKA3hjVuQu5Ka4vxldne6oylHccorGP7qgYyPaX4Eb,,,70,,,,1,394,赣县北站,混凝土,37429,一级,1,赣州公安处,挡土墙,154,赣州西高铁综合工区,138,赣州西高铁房建车间,,,,,,
15.52,通信基站DK59+780散水及明沟,46-1,,,,,,1.760082236265e+12,770,宋红根,,,,,,,,,,,,2025-10-10,,,,,衢九线,,,1.760943931929e+12,770,宋红根,29261,,https://ncjnas.coolmitech.com:50443/123/9c76475dbd69f747a75ab5382365f73b?objectKey=nas/ncfjd/tlsbgl/2025/10/20/1760972673601_29318419.png&expireTime=1762412935404&signature=2gPIVXkSYQtZYDbliS2X4dS2jFgcmRefYeM4mpvoP3u,,,69,,,,1,413,都昌,无,39342,一级,1,南昌通信段,排水沟（管）,148,九江房建工区,140,九江房建综合车间,,,,,,
27.9,DK347+720直放站硬化面,58-8,,,,,,1.759134620261e+12,770,宋红根,,,,,,,,,,,,2025-09-29,,,,,京港高速线,,,1.761535559861e+12,770,宋红根,26869,,https://ncjnas.coolmitech.com:50443/123/0ad51f3e7ec85fd3f38e37251388c8da?objectKey=nas/ncfjd/tlsbgl/2025/10/21/1761044644158_80238846.png&expireTime=1762412935405&signature=NA1FfaWnqZeHFuSaYvxFqTM5Hb7utgyAPsVVmNMQFIO,,,70,,,,1,112,兴国西站,混凝土,37337,一级,1,南昌通信段,道路、广场、地面硬化,154,赣州西高铁综合工区,138,赣州西高铁房建车间,,,,,,
200,公安部派出所污水提升井,公-9,,,,,,1.759117988216e+12,770,宋红根,,,,,,,,,,,,2025-09-29,,,,,京港高速线,,,1.760944765909e+12,770,宋红根,27301,,https://ncjnas.coolmitech.com:50443/123/d9d5a3962815abb3d2a3284b8ad16e94?objectKey=nas/ncfjd/tlsbgl/2025/10/20/1760973564857_79050164.png&expireTime=1762412935407&signature=PY4i3hZGyGE9Y7CA0jRBAuB4mb7IsniED8p7FsTBfJC,,,70,,,,1,112,兴国西站,混凝土,37227,一级,1,赣州车务段,沉淀地,154,赣州西高铁综合工区,138,赣州西高铁房建车间,,,,,,
608,所内排水沟,公-63,,,,,,1.759891479013e+12,770,宋红根,,,,,,,,,,,,2025-10-08,,,,,京港高速线,,,1.761024645724e+12,770,宋红根,26938,,https://ncjnas.coolmitech.com:50443/123/db621b71f90185de268ab835e5a1859d?objectKey=nas/ncfjd/tlsbgl/2025/10/21/1761053444412_47492838.png&expireTime=1762412935408&signature=8ZSODaKE2YcYCN6mKu0k9QUgv2Nr5N6r1hjRTa6qM2Z,,,70,,,,1,403,赣州西动车所,混凝土,37582,一级,1,赣州工务段,室外排水沟（管）,154,赣州西高铁综合工区,138,赣州西高铁房建车间,,,,,,
8,DK346+580直放站挡土墙排水沟,56-7,,,,,,1.759133628353e+12,770,宋红根,,,,,,,,,,,,2025-09-29,,,,,京港高速线,,,1.761025011952e+12,770,宋红根,26650,,https://ncjnas.coolmitech.com:50443/123/cfada11e542ed84eb2bb2c22fed39262?objectKey=nas/ncfjd/tlsbgl/2025/10/21/1761053810860_14266614.png&expireTime=1762412935409&signature=v14xfmmkmWoUgfezXvjB5hDg9XpgFv0muEDGxLwhPXt,,,70,,,,1,112,兴国西站,混凝土,37331,一级,1,南昌通信段,室外排水沟（管）,154,赣州西高铁综合工区,138,赣州西高铁房建车间,,,,,,
14,DK348+036区间基站+直放站排水沟,59-2,,,,,,1.759134790848e+12,770,宋红根,,,,,,,,,,,,2025-09-29,,,,,京港高速线,,,1.76102521553e+12,770,宋红根,26654,,https://ncjnas.coolmitech.com:50443/123/b69e26b1cca724804369a8335c139099?objectKey=nas/ncfjd/tlsbgl/2025/10/21/1761054014052_88140821.png&expireTime=1762412935411&signature=rG3lrBp7rbuKmrNYpXGuMnPP9iWPeEFhOyZysdcOLiN,,,70,,,,1,112,兴国西站,混凝土,37339,一级,1,南昌通信段,排水沟（管）,154,赣州西高铁综合工区,138,赣州西高铁房建车间,,,,,,
12,DK371+017直放站排水沟,28-2,,,,,,1.759197031118e+12,770,宋红根,,,,,,,,,,,,2025-09-30,,,,,京港高速线,,,1.761025297156e+12,770,宋红根,26541,,https://ncjnas.coolmitech.com:50443/123/28b43452a16fe96743a9007e986715fc?objectKey=nas/ncfjd/tlsbgl/2025/10/21/1761054095621_49944809.png&expireTime=1762412935413&signature=JlKDHIBHBatOnzZGrxoP5XOYhT0FgSNuofkV2VvWdW1,,,70,,,,1,394,赣县北站,混凝土,37438,一级,1,南昌通信段,排水沟（管）,154,赣州西高铁综合工区,138,赣州西高铁房建车间,,,,,,
33.6,DK374+780区间基站+直放站围墙,30-1,,,,,,1.759199447713e+12,770,宋红根,,,,,,,,,,,,2025-09-30,,,,,京港高速线,,,1.761025482962e+12,770,宋红根,26548,,https://ncjnas.coolmitech.com:50443/123/c7bb16e1bf2437e06345d7856147ef9e?objectKey=nas/ncfjd/tlsbgl/2025/10/21/1761054281900_35407399.png&expireTime=1762412935415&signature=h69jyu6mz7Q0EvhzbJkAgRX3dHk26uJh3Dif5N6TOK4,,,70,,,,1,394,赣县北站,砖,37447,一级,1,南昌通信段,围墙、栅栏（含玻璃栏板、站台端头栏杆）,154,赣州西高铁综合工区,138,赣州西高铁房建车间,,,,,,
19453.75,所内护坡,公-65,,,,,,1.759891750603e+12,770,宋红根,,,,,,,,,,,,2025-10-08,,,,,京港高速线,,,1.761025649052e+12,770,宋红根,26940,,https://ncjnas.coolmitech.com:50443/123/f15dc86b31e612682611c95807c2d12c?objectKey=nas/ncfjd/tlsbgl/2025/10/21/1761054448182_82263955.png&expireTime=1762412935416&signature=P1earsSLThRFhScEgSeyAFsUgLRWZNnC6WQIXgfAR4t,,,70,,,,1,403,赣州西动车所,混凝土,37584,一级,1,赣州工务段,挡墙护坡,154,赣州西高铁综合工区,138,赣州西高铁房建车间,,,,,,
85.422,DK333+781区间基站+直放站硬化面,34-8,,,,,,1.759129585308e+12,770,宋红根,,,,,,,,,,,,2025-09-29,,,,,京港高速线,,,1.761013387365e+12,770,宋红根,26857,,https://ncjnas.coolmitech.com:50443/123/507f0974afe6a90988dcffa225961f6b?objectKey=nas/ncfjd/tlsbgl/2025/10/21/1761042186582_49415574.png&expireTime=1762412935417&signature=NFfSyQ0LC7pYM2ZnaejjdHNK313rPflFp1fj44rNhMT,,,70,,,,1,112,兴国西站,混凝土,37292,一级,1,南昌通信段,道路、广场、地面硬化,154,赣州西高铁综合工区,138,赣州西高铁房建车间,,,,,,
45,DK336+726区间基站+直放站围墙,35-1,,,,,,1.759129666404e+12,770,宋红根,,,,,,,,,,,,2025-09-29,,,,,京港高速线,,,1.761013487586e+12,770,宋红根,26621,,https://ncjnas.coolmitech.com:50443/123/d3241f8c9adb2339bc56af65d694fa01?objectKey=nas/ncfjd/tlsbgl/2025/10/21/1761042285773_17480496.png&expireTime=1762412935419&signature=4kO4IjJRriUytBuE04i2bq4xLtnFGB7XEkvswKsczse,,,70,,,,1,112,兴国西站,砖,37293,一级,1,南昌通信段,围墙、栅栏（含玻璃栏板、站台端头栏杆）,154,赣州西高铁综合工区,138,赣州西高铁房建车间,,,,,,
750,DK336+726区间基站+直放站护坡,35-3,,,,,,1.759129735732e+12,770,宋红根,,,,,,,,,,,,2025-09-29,,,,,京港高速线,,,1.761013561506e+12,770,宋红根,26622,,https://ncjnas.coolmitech.com:50443/123/402ebc295b874ca56c02b7d997d9dae3?objectKey=nas/ncfjd/tlsbgl/2025/10/21/1761042360578_90799213.png&expireTime=1762412935421&signature=MoDHe5JxOrvBWtYR256QY1WKmLBLXGd3DCA2eKF3mPS,,,70,,,,1,112,兴国西站,混凝土,37294,一级,1,南昌通信段,挡墙护坡,154,赣州西高铁综合工区,138,赣州西高铁房建车间,,,,,,
185,2站台侧面栏杆,站-21,,,,,,1.759116656649e+12,770,宋红根,,,,,,,,,,,,2025-09-29,,,,,京港高速线,,,1.760665500839e+12,770,宋红根,27304,,https://ncjnas.coolmitech.com:50443/123/1b8db9373a7661d511d02d7511ca7205?objectKey=nas/ncfjd/tlsbgl/2025/10/17/1760701855117_69964031.png&expireTime=1762412935422&signature=qQvaqpz6HbhyyvrVuLWzFC4jhHgkUzzpsr3DP89Av0n,,,70,,,,1,112,兴国西站,不锈钢,37215,一级,1,赣州车务段,围墙、栅栏（含玻璃栏板、站台端头栏杆）,154,赣州西高铁综合工区,138,赣州西高铁房建车间,,,,,,
